<?xml version="1.0"?>
<!--<!DOCTYPE metadata SYSTEM "http://www.esri.com/metadata/esriprof80.dtd">-->
<metadata xml:lang="fa"><Esri><CreaDate>20131208</CreaDate><CreaTime>13170100</CreaTime><SyncOnce>TRUE</SyncOnce><DataProperties><lineage><Process ToolSource="C:\Program Files\ArcGIS\ArcToolbox\Toolboxes\Data Management Tools.tbx\Project" Date="20110912" Time="142935">Project Mahdoodeh_Final_v01n_AsiaSouthPrj_named C:\0\UNSW\Proj\2_Projects\Tadghigh\Borders_Modify_Sep2011\Border_Modify\MatLab_Automation\Mahdoodeh_Final\Mahdoodeh_Final_v01n_GCS_named.shp GEOGCS['GCS_WGS_1984',DATUM['D_WGS_1984',SPHEROID['WGS_1984',6378137.0,298.257223563]],PRIMEM['Greenwich',0.0],UNIT['Degree',0.0174532925199433]] # PROJCS['Asia_South_Albers_Equal_Area_Conic_NGC',GEOGCS['GCS_WGS_1984',DATUM['D_WGS_1984',SPHEROID['WGS_1984',6378137.0,298.257223563]],PRIMEM['Greenwich',0.0],UNIT['Degree',0.0174532925199433]],PROJECTION['Albers'],PARAMETER['False_Easting',0.0],PARAMETER['False_Northing',0.0],PARAMETER['Central_Meridian',54.0],PARAMETER['Standard_Parallel_1',30.0],PARAMETER['Standard_Parallel_2',36.0],PARAMETER['Latitude_Of_Origin',24.0],UNIT['Meter',1.0]]</Process></lineage></DataProperties><MetaID>{777A7D16-2E19-420E-B497-8888E19E11D1}</MetaID></Esri><idinfo><citation><citeinfo><onlink Sync="TRUE">\\ELYASI\F\ELYASI\GIS\all\Mahdoude</onlink></citeinfo></citation></idinfo><distInfo><distributor><distorTran><onLineSrc><linkage Sync="TRUE">file://\\ELYASI\F\ELYASI\GIS\all\Mahdoude</linkage><protocol Sync="TRUE">Local Area Network</protocol></onLineSrc></distorTran></distributor></distInfo><dataqual><lineage><procstep><procdesc Sync="TRUE">Dataset copied.</procdesc><srcused Sync="TRUE">D:\APB\Proj\IranBorders\Basins\Refined_90_6_20\Mahdoodeh_Final_v01n_GCS_named</srcused><procdate Sync="TRUE">20110913</procdate><proctime Sync="TRUE">11545100</proctime></procstep><procstep><procdesc Sync="TRUE">Dataset copied.</procdesc><srcused Sync="TRUE"></srcused><procdate Sync="TRUE">20131130</procdate><proctime Sync="TRUE">00242800</proctime></procstep><procstep><procdesc Sync="TRUE">Dataset copied.</procdesc><srcused Sync="TRUE">E:\map\Mahdoude</srcused><procdate Sync="TRUE">20131208</procdate><proctime Sync="TRUE">13170100</proctime></procstep></lineage></dataqual></metadata>
