,index,ID,Date_Gregorian,Date_Persian,Depth_To_Water,MSL_Elevation,Final_Elevation,Elevation,Area,Aquifer_Area,Storage_Coefficient,Unit_Aquifer_Storage_Coefficient,Aquifer_Storage_Coefficient,Well_Head,Unit_Aquifer_Head,Aquifer_Head,Aquifer_Head_Arithmetic_Mean,Aquifer_Head_Geometric_Mean,Aquifer_Head_Harmonic_Mean,Mahdodeh_Name,Mahdodeh_Code,Aquifer_Name,Well_Name,X_UTM,Y_UTM,X_Decimal,Y_Decimal,year_Date_Persian,month_Date_Persian,day_Date_Persian
12738,193,6007-OW102,2001-04-04,1380-1-15,39.432272727272725,1311.41,1312,1312,35.60305259852022,2422.877519253152,0.06,0.0008816719536733693,0.05999999999999996,1272.5677272727273,18.699787904770417,1036.9953237380248,1037.5630717478887,1030.6041070438955,1023.7095229503261,مشهد - چناران,6007,مشهد - چناران,قره چاه,648701,4082298,58.668452,36.874934,1380,1,15
12739,194,6007-OW102,2001-05-05,1380-2-15,39.446363636363635,1311.41,1312,1312,35.60305259852022,2422.877519253152,0.06,0.0008816719536733693,0.05999999999999996,1272.5536363636363,18.69958084544796,1036.613722465471,1037.2217545378828,1030.2584365649732,1023.3602044479695,مشهد - چناران,6007,مشهد - چناران,قره چاه,648701,4082298,58.668452,36.874934,1380,2,15
12740,195,6007-OW102,2001-06-05,1380-3-15,39.476285714285716,1311.41,1312,1312,35.60305259852022,2422.877519253152,0.06,0.0008816719536733693,0.05999999999999996,1272.5237142857143,18.699141154499635,1036.3489122490666,1036.9564261952412,1030.0079368320398,1023.1281435767206,مشهد - چناران,6007,مشهد - چناران,قره چاه,648701,4082298,58.668452,36.874934,1380,3,15
12741,196,6007-OW102,2001-07-06,1380-4-15,39.511714285714284,1311.41,1312,1312,35.60305259852022,2422.877519253152,0.06,0.0008816719536733693,0.05999999999999996,1272.4882857142857,18.69862054820318,1035.9030421484265,1036.5429503187786,1029.5661706131207,1022.6563888362689,مشهد - چناران,6007,مشهد - چناران,قره چاه,648701,4082298,58.668452,36.874934,1380,4,15
12742,197,6007-OW102,2001-08-06,1380-5-15,39.542,1311.41,1312,1312,35.60305259852022,2422.877519253152,0.06,0.0008816719536733693,0.05999999999999996,1272.458,18.698175513788474,1035.604848216002,1036.2626254469692,1029.2771076814643,1022.3591442772115,مشهد - چناران,6007,مشهد - چناران,قره چاه,648701,4082298,58.668452,36.874934,1380,5,15
12743,198,6007-OW102,2001-09-06,1380-6-15,39.563125,1311.41,1312,1312,35.60305259852022,2422.877519253152,0.06,0.0008816719536733693,0.05999999999999996,1272.436875,18.697865091788117,1035.3745980835547,1036.0437219574399,1029.0530149247631,1022.1301733516552,مشهد - چناران,6007,مشهد - چناران,قره چاه,648701,4082298,58.668452,36.874934,1380,6,15
12744,199,6007-OW102,2001-10-07,1380-7-15,39.57606060606061,1311.41,1312,1312,35.60305259852022,2422.877519253152,0.06,0.0008816719536733693,0.05999999999999996,1272.4239393939395,18.69767500910366,1035.1731908229906,1035.8473598198236,1028.8562423174803,1021.9334779331143,مشهد - چناران,6007,مشهد - چناران,قره چاه,648701,4082298,58.668452,36.874934,1380,7,15
12745,200,6007-OW102,2001-11-06,1380-8-15,39.5664,1311.41,1312,1312,35.60305259852022,2422.877519253152,0.06,0.0008816719536733693,0.05999999999999996,1272.4336,18.69781696719398,1035.0997521810898,1035.79659438272,1028.8182563032858,1021.9092287557327,مشهد - چناران,6007,مشهد - چناران,قره چاه,648701,4082298,58.668452,36.874934,1380,8,15
12746,201,6007-OW102,2001-12-06,1380-9-15,39.58869565217392,1311.41,1312,1312,35.60305259852022,2422.877519253152,0.06,0.0008816719536733693,0.05999999999999996,1272.411304347826,18.697489343007135,1035.2163176291258,1035.9043379360314,1028.944125299501,1022.0539901316452,مشهد - چناران,6007,مشهد - چناران,قره چاه,648701,4082298,58.668452,36.874934,1380,9,15
12747,202,6007-OW102,2002-01-05,1380-10-15,39.614285714285714,1311.41,1312,1312,35.60305259852022,2422.877519253152,0.06,0.0008816719536733693,0.05999999999999996,1272.3857142857144,18.69711330900619,1035.1719208455374,1035.8661327386667,1028.904962930857,1022.01297785064,مشهد - چناران,6007,مشهد - چناران,قره چاه,648701,4082298,58.668452,36.874934,1380,10,15
12748,203,6007-OW102,2002-02-04,1380-11-15,39.57142857142857,1311.41,1312,1312,35.60305259852022,2422.877519253152,0.06,0.0008816719536733693,0.05999999999999996,1272.4285714285713,18.69774307468738,1035.2711614202099,1035.9710404533291,1029.0073295239906,1022.111409194616,مشهد - چناران,6007,مشهد - چناران,قره چاه,648701,4082298,58.668452,36.874934,1380,11,15
12749,204,6007-OW102,2002-03-06,1380-12-15,39.35263157894737,1311.41,1312,1312,35.60305259852022,2422.877519253152,0.06,0.0008816719536733693,0.05999999999999996,1272.6473684210525,18.700958194217698,1035.4260225351377,1036.1477474020633,1029.192383869336,1022.3046898323953,مشهد - چناران,6007,مشهد - چناران,قره چاه,648701,4082298,58.668452,36.874934,1380,12,15
12750,205,6007-OW102,2002-04-04,1381-1-15,39.312820512820515,1311.41,1312,1312,35.60305259852022,2422.877519253152,0.06,0.0008816719536733693,0.05999999999999996,1272.6871794871795,18.701543199225195,1035.4525187518327,1036.1889773053215,1029.2430722435554,1022.3655400370178,مشهد - چناران,6007,مشهد - چناران,قره چاه,648701,4082298,58.668452,36.874934,1381,1,15
12751,206,6007-OW102,2002-05-05,1381-2-15,39.36636363636364,1311.41,1312,1312,35.60305259852022,2422.877519253152,0.06,0.0008816719536733693,0.05999999999999996,1272.6336363636365,18.700756408052865,1035.2681502684218,1036.0105160485493,1029.0626130566238,1022.1839885736015,مشهد - چناران,6007,مشهد - چناران,قره چاه,648701,4082298,58.668452,36.874934,1381,2,15
12752,207,6007-OW102,2002-06-05,1381-3-15,39.40190476190476,1311.41,1312,1312,35.60305259852022,2422.877519253152,0.06,0.0008816719536733693,0.05999999999999996,1272.5980952380953,18.700234147826336,1034.8315921619937,1035.5994132050855,1028.6194253028261,1021.7059265750811,مشهد - چناران,6007,مشهد - چناران,قره چاه,648701,4082298,58.668452,36.874934,1381,3,15
12753,208,6007-OW102,2002-07-06,1381-4-15,39.46095238095238,1311.41,1312,1312,35.60305259852022,2422.877519253152,0.06,0.0008816719536733693,0.05999999999999996,1272.5390476190476,18.699366470665577,1034.7432774939155,1035.4952142831855,1028.5292948789586,1021.6330730716518,مشهد - چناران,6007,مشهد - چناران,قره چاه,648701,4082298,58.668452,36.874934,1381,4,15
12754,209,6007-OW102,2002-08-06,1381-5-15,39.44181818181818,1311.41,1312,1312,35.60305259852022,2422.877519253152,0.06,0.0008816719536733693,0.05999999999999996,1272.5581818181818,18.699647638777787,1034.515402480741,1035.2736106733823,1028.3033726249844,1021.4035065127313,مشهد - چناران,6007,مشهد - چناران,قره چاه,648701,4082298,58.668452,36.874934,1381,5,15
12755,210,6007-OW102,2002-09-06,1381-6-15,39.44,1311.41,1312,1312,35.60305259852022,2422.877519253152,0.06,0.0008816719536733693,0.05999999999999996,1272.56,18.699674356109714,1034.2786089388494,1035.0493147936734,1028.0715962841539,1021.1643121473721,مشهد - چناران,6007,مشهد - چناران,قره چاه,648701,4082298,58.668452,36.874934,1381,6,15
12756,211,6007-OW102,2002-10-07,1381-7-15,39.521,1311.41,1312,1312,35.60305259852022,2422.877519253152,0.06,0.0008816719536733693,0.05999999999999996,1272.479,18.69848409897226,1034.1876073828441,1034.9652799610387,1027.9918076674603,1021.0890555474411,مشهد - چناران,6007,مشهد - چناران,قره چاه,648701,4082298,58.668452,36.874934,1381,7,15
12757,212,6007-OW102,2002-11-06,1381-8-15,39.577000000000005,1311.41,1312,1312,35.60305259852022,2422.877519253152,0.06,0.0008816719536733693,0.05999999999999996,1272.423,18.69766120514883,1034.1776285655303,1034.9812035146217,1028.0164592850692,1021.122378212034,مشهد - چناران,6007,مشهد - چناران,قره چاه,648701,4082298,58.668452,36.874934,1381,8,15
12758,213,6007-OW102,2002-12-06,1381-9-15,39.57740740740741,1311.41,1312,1312,35.60305259852022,2422.877519253152,0.06,0.0008816719536733693,0.05999999999999996,1272.4225925925925,18.697655218487412,1034.2485044475466,1035.0652000130494,1028.1080779498282,1021.2211173775556,مشهد - چناران,6007,مشهد - چناران,قره چاه,648701,4082298,58.668452,36.874934,1381,9,15
12759,214,6007-OW102,2003-01-05,1381-10-15,39.62,1311.41,1312,1312,35.60305259852022,2422.877519253152,0.06,0.0008816719536733693,0.05999999999999996,1272.38,18.697029340248697,1034.5141493574713,1035.3068740914684,1028.3822523639592,1021.5300419706115,مشهد - چناران,6007,مشهد - چناران,قره چاه,648701,4082298,58.668452,36.874934,1381,10,15
12760,215,6007-OW102,2003-02-04,1381-11-15,39.70307692307692,1311.41,1312,1312,35.60305259852022,2422.877519253152,0.06,0.0008816719536733693,0.05999999999999996,1272.2969230769231,18.695808563697458,1034.621435616659,1035.4142910719402,1028.491284640254,1021.6389930102349,مشهد - چناران,6007,مشهد - چناران,قره چاه,648701,4082298,58.668452,36.874934,1381,11,15
12761,216,6007-OW102,2003-03-06,1381-12-15,39.786153846153844,1311.41,1312,1312,35.60305259852022,2422.877519253152,0.06,0.0008816719536733693,0.05999999999999996,1272.2138461538461,18.694587787146215,1034.5792415807216,1035.3840882485813,1028.4581549422032,1021.6028202286464,مشهد - چناران,6007,مشهد - چناران,قره چاه,648701,4082298,58.668452,36.874934,1381,12,15
12762,217,6007-OW102,2003-04-04,1382-1-15,39.81846153846154,1311.41,1312,1312,35.60305259852022,2422.877519253152,0.06,0.0008816719536733693,0.05999999999999996,1272.1815384615384,18.69411304070962,1034.4645972132635,1035.2719495816398,1028.3405700891285,1021.4794678639288,مشهد - چناران,6007,مشهد - چناران,قره چاه,648701,4082298,58.668452,36.874934,1382,1,15
12763,218,6007-OW102,2003-05-05,1382-2-15,39.84046511627907,1311.41,1312,1312,35.60305259852022,2422.877519253152,0.06,0.0008816719536733693,0.05999999999999996,1272.1595348837209,18.69378970841892,1034.576425667017,1035.352245104289,1028.4271323206772,1021.5738386719299,مشهد - چناران,6007,مشهد - چناران,قره چاه,648701,4082298,58.668452,36.874934,1382,2,15
12764,219,6007-OW102,2003-06-05,1382-3-15,39.85488372093023,1311.41,1312,1312,35.60305259852022,2422.877519253152,0.06,0.0008816719536733693,0.05999999999999996,1272.1451162790697,18.693577833763385,1034.2859024508332,1035.0677808617102,1028.1211506964298,1021.2458778021463,مشهد - چناران,6007,مشهد - چناران,قره چاه,648701,4082298,58.668452,36.874934,1382,3,15
12765,220,6007-OW102,2003-07-06,1382-4-15,39.86689655172414,1311.41,1312,1312,35.60305259852022,2422.877519253152,0.06,0.0008816719536733693,0.05999999999999996,1272.133103448276,18.693401310830136,1034.0116942977531,1034.777668253777,1027.8185922173006,1020.9319180254874,مشهد - چناران,6007,مشهد - چناران,قره چاه,648701,4082298,58.668452,36.874934,1382,4,15
12766,221,6007-OW102,2003-08-06,1382-5-15,39.87647058823529,1311.41,1312,1312,35.60305259852022,2422.877519253152,0.06,0.0008816719536733693,0.05999999999999996,1272.1235294117646,18.693260624838874,1033.7256806412856,1034.5067392855813,1027.536363016602,1020.638261442858,مشهد - چناران,6007,مشهد - چناران,قره چاه,648701,4082298,58.668452,36.874934,1382,5,15
12767,222,6007-OW102,2003-09-06,1382-6-15,39.90814814814815,1311.41,1312,1312,35.60305259852022,2422.877519253152,0.06,0.0008816719536733693,0.05999999999999996,1272.0918518518517,18.692795137903275,1033.529339071816,1034.3094707386272,1027.3316303006684,1020.426204169659,مشهد - چناران,6007,مشهد - چناران,قره چاه,648701,4082298,58.668452,36.874934,1382,6,15
12768,223,6007-OW102,2003-10-07,1382-7-15,39.88933333333333,1311.41,1312,1312,35.60305259852022,2422.877519253152,0.06,0.0008816719536733693,0.05999999999999996,1272.1106666666667,18.693071612812208,1033.5094343592525,1034.300888641056,1027.318864918475,1020.4089174752726,مشهد - چناران,6007,مشهد - چناران,قره چاه,648701,4082298,58.668452,36.874934,1382,7,15
12769,224,6007-OW102,2003-11-06,1382-8-15,39.90125,1311.41,1312,1312,35.60305259852022,2422.877519253152,0.06,0.0008816719536733693,0.05999999999999996,1272.09875,18.692896502965855,1033.5506490639962,1034.362259144194,1027.3875138246376,1020.4841794444247,مشهد - چناران,6007,مشهد - چناران,قره چاه,648701,4082298,58.668452,36.874934,1382,8,15
12770,225,6007-OW102,2003-12-06,1382-9-15,39.92,1311.41,1312,1312,35.60305259852022,2422.877519253152,0.06,0.0008816719536733693,0.05999999999999996,1272.08,18.69262098048033,1033.741555116323,1034.5639186681583,1027.6036588763616,1020.713818525363,مشهد - چناران,6007,مشهد - چناران,قره چاه,648701,4082298,58.668452,36.874934,1382,9,15
12771,226,6007-OW102,2004-01-05,1382-10-15,39.895,1311.41,1312,1312,35.60305259852022,2422.877519253152,0.06,0.0008816719536733693,0.05999999999999996,1272.105,18.69298834379436,1033.9227389233158,1034.7382215019875,1027.7889083930959,1020.9095323317845,مشهد - چناران,6007,مشهد - چناران,قره چاه,648701,4082298,58.668452,36.874934,1382,10,15
12772,227,6007-OW102,2004-02-04,1382-11-15,39.88314285714286,1311.41,1312,1312,35.60305259852022,2422.877519253152,0.06,0.0008816719536733693,0.05999999999999996,1272.116857142857,18.693162578966156,1034.1113188051538,1034.9378917114682,1028.0010634604407,1021.1345373796865,مشهد - چناران,6007,مشهد - چناران,قره چاه,648701,4082298,58.668452,36.874934,1382,11,15
12773,228,6007-OW102,2004-03-05,1382-12-15,39.943333333333335,1311.41,1312,1312,35.60305259852022,2422.877519253152,0.06,0.0008816719536733693,0.05999999999999996,1272.0566666666666,18.6922781080539,1034.0913380656784,1034.9088155691304,1027.9760876736655,1021.1138883591752,مشهد - چناران,6007,مشهد - چناران,قره چاه,648701,4082298,58.668452,36.874934,1382,12,15
12774,229,6007-OW102,2004-04-03,1383-1-15,39.9572972972973,1311.41,1312,1312,35.60305259852022,2422.877519253152,0.06,0.0008816719536733693,0.05999999999999996,1272.0427027027026,18.692072914130748,1034.0712565743775,1034.8722394063177,1027.9463972939288,1021.0916706552434,مشهد - چناران,6007,مشهد - چناران,قره چاه,648701,4082298,58.668452,36.874934,1383,1,15
12775,230,6007-OW102,2004-05-04,1383-2-15,39.966,1311.41,1312,1312,35.60305259852022,2422.877519253152,0.06,0.0008816719536733693,0.05999999999999996,1272.034,18.691945031982513,1033.9252714658899,1034.7180867881154,1027.7859371838179,1020.925247658206,مشهد - چناران,6007,مشهد - چناران,قره چاه,648701,4082298,58.668452,36.874934,1383,2,15
12776,231,6007-OW102,2004-06-04,1383-3-15,39.959375,1311.41,1312,1312,35.60305259852022,2422.877519253152,0.06,0.0008816719536733693,0.05999999999999996,1272.040625,18.69204238326073,1033.6811453232058,1034.4636642079058,1027.5171273588821,1020.6425935065649,مشهد - چناران,6007,مشهد - چناران,قره چاه,648701,4082298,58.668452,36.874934,1383,3,15
12777,232,6007-OW102,2004-07-05,1383-4-15,40.019333333333336,1311.41,1312,1312,35.60305259852022,2422.877519253152,0.06,0.0008816719536733693,0.05999999999999996,1271.9806666666666,18.691161323579248,1033.4092717942365,1034.2032504104707,1027.2452383745162,1020.3595912243749,مشهد - چناران,6007,مشهد - چناران,قره چاه,648701,4082298,58.668452,36.874934,1383,4,15
12778,233,6007-OW102,2004-08-05,1383-5-15,40.09133333333333,1311.41,1312,1312,35.60305259852022,2422.877519253152,0.06,0.0008816719536733693,0.05999999999999996,1271.9086666666667,18.69010331723484,1033.1928588599433,1033.9945214679803,1027.023938096893,1020.1255981442855,مشهد - چناران,6007,مشهد - چناران,قره چاه,648701,4082298,58.668452,36.874934,1383,5,15
12779,234,6007-OW102,2004-09-05,1383-6-15,40.1,1311.41,1312,1312,35.60305259852022,2422.877519253152,0.06,0.0008816719536733693,0.05999999999999996,1271.9,18.68997596461931,1032.963648609167,1033.7638428093464,1026.7848979818223,1019.8785833965904,مشهد - چناران,6007,مشهد - چناران,قره چاه,648701,4082298,58.668452,36.874934,1383,6,15
12780,235,6007-OW102,2004-10-06,1383-7-15,40.14,1311.41,1312,1312,35.60305259852022,2422.877519253152,0.06,0.0008816719536733693,0.05999999999999996,1271.86,18.68938818331686,1032.8692165415753,1033.6782331853221,1026.698750774578,1019.7916919800101,مشهد - چناران,6007,مشهد - چناران,قره چاه,648701,4082298,58.668452,36.874934,1383,7,15
12781,236,6007-OW102,2004-11-05,1383-8-15,40.19228571428572,1311.41,1312,1312,35.60305259852022,2422.877519253152,0.06,0.0008816719536733693,0.05999999999999996,1271.8077142857144,18.688619869185803,1032.9514460328924,1033.773879431953,1026.808295393467,1019.9146957663157,مشهد - چناران,6007,مشهد - چناران,قره چاه,648701,4082298,58.668452,36.874934,1383,8,15
12782,237,6007-OW102,2004-12-05,1383-9-15,40.1668,1311.41,1312,1312,35.60305259852022,2422.877519253152,0.06,0.0008816719536733693,0.05999999999999996,1271.8332,18.68899436984422,1033.0597580978338,1033.8959967140693,1026.9397560253478,1020.0551540928719,مشهد - چناران,6007,مشهد - چناران,قره چاه,648701,4082298,58.668452,36.874934,1383,9,15
12783,238,6007-OW102,2005-01-04,1383-10-15,40.154736842105265,1311.41,1312,1312,35.60305259852022,2422.877519253152,0.06,0.0008816719536733693,0.05999999999999996,1271.8452631578948,18.689171632310696,1033.2895567992514,1034.1412087644678,1027.1956935912665,1020.3212488896412,مشهد - چناران,6007,مشهد - چناران,قره چاه,648701,4082298,58.668452,36.874934,1383,10,15
12784,239,6007-OW102,2005-02-03,1383-11-15,40.17035714285714,1311.41,1312,1312,35.60305259852022,2422.877519253152,0.06,0.0008816719536733693,0.05999999999999996,1271.829642857143,18.68894209929268,1033.4676127115715,1034.3062822060308,1027.3608217996377,1020.4861997790848,مشهد - چناران,6007,مشهد - چناران,قره چاه,648701,4082298,58.668452,36.874934,1383,11,15
12785,240,6007-OW102,2005-03-05,1383-12-15,40.18,1311.41,1312,1312,35.60305259852022,2422.877519253152,0.06,0.0008816719536733693,0.05999999999999996,1271.82,18.68880040201441,1033.439945024799,1034.263812669626,1027.3129841091247,1020.4337409485731,مشهد - چناران,6007,مشهد - چناران,قره چاه,648701,4082298,58.668452,36.874934,1383,12,15
12786,241,6007-OW102,2005-04-04,1384-1-15,40.1832,1311.41,1312,1312,35.60305259852022,2422.877519253152,0.06,0.0008816719536733693,0.05999999999999996,1271.8168,18.688753379510217,1033.420288922606,1034.224770524859,1027.2684855010668,1020.3846559959763,مشهد - چناران,6007,مشهد - چناران,قره چاه,648701,4082298,58.668452,36.874934,1384,1,15
12787,242,6007-OW102,2005-05-05,1384-2-15,40.1956,1311.41,1312,1312,35.60305259852022,2422.877519253152,0.06,0.0008816719536733693,0.05999999999999996,1271.8044,18.688571167306456,1033.3880362680122,1034.1788084287455,1027.2197383474663,1020.3340195537859,مشهد - چناران,6007,مشهد - چناران,قره چاه,648701,4082298,58.668452,36.874934,1384,2,15
12788,243,6007-OW102,2005-06-05,1384-3-15,40.25555555555555,1311.41,1312,1312,35.60305259852022,2422.877519253152,0.06,0.0008816719536733693,0.05999999999999996,1271.7444444444445,18.687690148443117,1033.2295982026433,1034.0186576285191,1027.0465476007219,1020.1480058077012,مشهد - چناران,6007,مشهد - چناران,قره چاه,648701,4082298,58.668452,36.874934,1384,3,15
12789,244,6007-OW102,2005-07-06,1384-4-15,,1311.41,1312,1312,,0.0,,,0.0,,,0.0,,,,مشهد - چناران,6007,مشهد - چناران,قره چاه,648701,4082298,58.668452,36.874934,1384,4,15
12790,245,6007-OW102,2005-08-06,1384-5-15,,1311.41,1312,1312,,0.0,,,0.0,,,0.0,,,,مشهد - چناران,6007,مشهد - چناران,قره چاه,648701,4082298,58.668452,36.874934,1384,5,15
12791,246,6007-OW102,2005-09-06,1384-6-15,,1311.41,1312,1312,,0.0,,,0.0,,,0.0,,,,مشهد - چناران,6007,مشهد - چناران,قره چاه,648701,4082298,58.668452,36.874934,1384,6,15
12792,247,6007-OW102,2005-10-07,1384-7-15,40.2909243697479,1311.41,1312,1312,35.60305259852022,2422.877519253152,0.06,0.0008816719536733693,0.05999999999999996,1271.709075630252,18.68717042025132,1032.7657772573295,1033.5495719741746,1026.5637463081316,1019.6524924474577,مشهد - چناران,6007,مشهد - چناران,قره چاه,648701,4082298,58.668452,36.874934,1384,7,15
12793,248,6007-OW102,2005-11-06,1384-8-15,40.25888888888889,1311.41,1312,1312,35.60305259852022,2422.877519253152,0.06,0.0008816719536733693,0.05999999999999996,1271.7411111111112,18.687641166667916,1032.7929421660867,1033.595679795125,1026.612437332776,1019.7029520992519,مشهد - چناران,6007,مشهد - چناران,قره چاه,648701,4082298,58.668452,36.874934,1384,8,15
12794,249,6007-OW102,2005-12-06,1384-9-15,40.2359375,1311.41,1312,1312,35.60305259852022,2422.877519253152,0.06,0.0008816719536733693,0.05999999999999996,1271.7640625,18.687978426599265,1032.8440076179995,1033.6568230282383,1026.685219653974,1019.786526029141,مشهد - چناران,6007,مشهد - چناران,قره چاه,648701,4082298,58.668452,36.874934,1384,9,15
12795,250,6007-OW102,2006-01-05,1384-10-15,40.224761904761905,1311.41,1312,1312,35.60305259852022,2422.877519253152,0.06,0.0008816719536733693,0.05999999999999996,1271.7752380952381,18.688142646747387,1032.9517455494106,1033.7765050004646,1026.8129700937097,1019.9221882650407,مشهد - چناران,6007,مشهد - چناران,قره چاه,648701,4082298,58.668452,36.874934,1384,10,15
12796,251,6007-OW102,2006-02-04,1384-11-15,40.21047619047619,1311.41,1312,1312,35.60305259852022,2422.877519253152,0.06,0.0008816719536733693,0.05999999999999996,1271.7895238095239,18.68835256864112,1033.3198686385813,1034.119695279817,1027.170895037958,1020.2953705490053,مشهد - چناران,6007,مشهد - چناران,قره چاه,648701,4082298,58.668452,36.874934,1384,11,15
12797,252,6007-OW102,2006-03-06,1384-12-15,40.20045454545455,1311.41,1312,1312,35.60305259852022,2422.877519253152,0.06,0.0008816719536733693,0.05999999999999996,1271.7995454545455,18.688499832030207,1033.3881306976164,1034.167148691023,1027.227209395804,1020.361022422665,مشهد - چناران,6007,مشهد - چناران,قره چاه,648701,4082298,58.668452,36.874934,1384,12,15
12798,253,6007-OW102,2006-04-04,1385-1-15,40.21,1311.41,1312,1312,35.60305259852022,2422.877519253152,0.06,0.0008816719536733693,0.05999999999999996,1271.79,18.688359566037573,1033.201510052397,1033.9739484304669,1027.026197796642,1020.1521059333013,مشهد - چناران,6007,مشهد - چناران,قره چاه,648701,4082298,58.668452,36.874934,1385,1,15
12799,254,6007-OW102,2006-05-05,1385-2-15,40.21,1311.41,1312,1312,35.60305259852022,2422.877519253152,0.06,0.0008816719536733693,0.05999999999999996,1271.79,18.688359566037573,1032.9202354042939,1033.6899215053272,1026.7310848440823,1019.8467430849595,مشهد - چناران,6007,مشهد - چناران,قره چاه,648701,4082298,58.668452,36.874934,1385,2,15
12800,255,6007-OW102,2006-06-05,1385-3-15,40.21,1311.41,1312,1312,35.60305259852022,2422.877519253152,0.06,0.0008816719536733693,0.05999999999999996,1271.79,18.688359566037573,1032.5565277825058,1033.338864860577,1026.3645729328173,1019.4656229654474,مشهد - چناران,6007,مشهد - چناران,قره چاه,648701,4082298,58.668452,36.874934,1385,3,15
12801,256,6007-OW102,2006-07-06,1385-4-15,40.22727272727273,1311.41,1312,1312,35.60305259852022,2422.877519253152,0.06,0.0008816719536733693,0.05999999999999996,1271.7727272727273,18.688105751384246,1032.1954743286199,1032.9696050716857,1025.9809981978797,1019.0688418638287,مشهد - چناران,6007,مشهد - چناران,قره چاه,648701,4082298,58.668452,36.874934,1385,4,15
12802,257,6007-OW102,2006-08-06,1385-5-15,40.25,1311.41,1312,1312,35.60305259852022,2422.877519253152,0.06,0.0008816719536733693,0.05999999999999996,1271.75,18.687771784735126,1031.85901949876,1032.6284639181808,1025.630640245253,1018.7103964853128,مشهد - چناران,6007,مشهد - چناران,قره چاه,648701,4082298,58.668452,36.874934,1385,5,15
12803,258,6007-OW102,2006-09-06,1385-6-15,40.25,1311.41,1312,1312,35.60305259852022,2422.877519253152,0.06,0.0008816719536733693,0.05999999999999996,1271.75,18.687771784735126,1031.5852749033288,1032.3616200050049,1025.3532836599113,1018.4236357013776,مشهد - چناران,6007,مشهد - چناران,قره چاه,648701,4082298,58.668452,36.874934,1385,6,15
12804,259,6007-OW102,2006-10-07,1385-7-15,40.21771428571429,1311.41,1312,1312,35.60305259852022,2422.877519253152,0.06,0.0008816719536733693,0.05999999999999996,1271.7822857142858,18.68824620821496,1031.4865832044088,1032.2803811119572,1025.2747800557945,1018.3480666405525,مشهد - چناران,6007,مشهد - چناران,قره چاه,648701,4082298,58.668452,36.874934,1385,7,15
12805,260,6007-OW102,2006-11-06,1385-8-15,40.20057142857143,1311.41,1312,1312,35.60305259852022,2422.877519253152,0.06,0.0008816719536733693,0.05999999999999996,1271.7994285714285,18.688498114487437,1031.466075122051,1032.2802542876761,1025.279541541315,1018.3575002332224,مشهد - چناران,6007,مشهد - چناران,قره چاه,648701,4082298,58.668452,36.874934,1385,8,15
12806,261,6007-OW102,2006-12-06,1385-9-15,40.24,1311.41,1312,1312,35.60305259852022,2422.877519253152,0.06,0.0008816719536733693,0.05999999999999996,1271.76,18.687918730060737,1031.4936266784298,1032.3199982908575,1025.3276464979494,1018.4136476681496,مشهد - چناران,6007,مشهد - چناران,قره چاه,648701,4082298,58.668452,36.874934,1385,9,15
12807,262,6007-OW102,2007-01-05,1385-10-15,40.241176470588236,1311.41,1312,1312,35.60305259852022,2422.877519253152,0.06,0.0008816719536733693,0.05999999999999996,1271.7588235294118,18.68790144237537,1031.7225627943435,1032.5588901035812,1025.5782604061865,1018.67482913538,مشهد - چناران,6007,مشهد - چناران,قره چاه,648701,4082298,58.668452,36.874934,1385,10,15
12808,263,6007-OW102,2007-02-04,1385-11-15,40.25,1311.41,1312,1312,35.60305259852022,2422.877519253152,0.06,0.0008816719536733693,0.05999999999999996,1271.75,18.687771784735126,1031.9689964753156,1032.808613611292,1025.8464441637063,1018.962159613058,مشهد - چناران,6007,مشهد - چناران,قره چاه,648701,4082298,58.668452,36.874934,1385,11,15
12809,264,6007-OW102,2007-03-06,1385-12-15,40.27689655172414,1311.41,1312,1312,35.60305259852022,2422.877519253152,0.06,0.0008816719536733693,0.05999999999999996,1271.7231034482759,18.687376552480032,1032.0092285004496,1032.845764980273,1025.8952354527883,1019.0229738117183,مشهد - چناران,6007,مشهد - چناران,قره چاه,648701,4082298,58.668452,36.874934,1385,12,15
12810,265,6007-OW102,2007-04-04,1386-1-15,40.268125000000005,1311.41,1312,1312,35.60305259852022,2422.877519253152,0.06,0.0008816719536733693,0.05999999999999996,1271.731875,18.68750544633245,1032.1176597134634,1032.9509646360873,1026.008050554905,1019.1434772817678,مشهد - چناران,6007,مشهد - چناران,قره چاه,648701,4082298,58.668452,36.874934,1386,1,15
12811,266,6007-OW102,2007-05-05,1386-2-15,40.26166666666666,1311.41,1312,1312,35.60305259852022,2422.877519253152,0.06,0.0008816719536733693,0.05999999999999996,1271.7383333333332,18.68760034852191,1032.0481281990883,1032.8797968711904,1025.9103680988528,1019.0196075882496,مشهد - چناران,6007,مشهد - چناران,قره چاه,648701,4082298,58.668452,36.874934,1386,2,15
12812,267,6007-OW102,2007-06-05,1386-3-15,40.26,1311.41,1312,1312,35.60305259852022,2422.877519253152,0.06,0.0008816719536733693,0.05999999999999996,1271.74,18.687624839409512,1031.8479684201309,1032.686285245025,1025.6933837771742,1018.7794241744431,مشهد - چناران,6007,مشهد - چناران,قره چاه,648701,4082298,58.668452,36.874934,1386,3,15
12813,268,6007-OW102,2007-07-06,1386-4-15,40.268965517241384,1311.41,1312,1312,35.60305259852022,2422.877519253152,0.06,0.0008816719536733693,0.05999999999999996,1271.7310344827586,18.68749309532448,1031.569441069851,1032.3981794184003,1025.383055659896,1018.4473816327946,مشهد - چناران,6007,مشهد - چناران,قره چاه,648701,4082298,58.668452,36.874934,1386,4,15
12814,269,6007-OW102,2007-08-06,1386-5-15,40.262,1311.41,1312,1312,35.60305259852022,2422.877519253152,0.06,0.0008816719536733693,0.05999999999999996,1271.738,18.68759545034439,1031.299488071017,1032.1101344852336,1025.081205230583,1018.1323307969959,مشهد - چناران,6007,مشهد - چناران,قره چاه,648701,4082298,58.668452,36.874934,1386,5,15
12815,270,6007-OW102,2007-09-06,1386-6-15,40.252,1311.41,1312,1312,35.60305259852022,2422.877519253152,0.06,0.0008816719536733693,0.05999999999999996,1271.748,18.687742395670004,1031.1309931196936,1031.9266660376124,1024.893577046802,1017.9412317835423,مشهد - چناران,6007,مشهد - چناران,قره چاه,648701,4082298,58.668452,36.874934,1386,6,15
12816,271,6007-OW102,2007-10-07,1386-7-15,40.266060606060606,1311.41,1312,1312,35.60305259852022,2422.877519253152,0.06,0.0008816719536733693,0.05999999999999996,1271.7339393939394,18.687535781636416,1031.1703630615086,1031.98060120561,1024.9632289218953,1018.0265093297446,مشهد - چناران,6007,مشهد - چناران,قره چاه,648701,4082298,58.668452,36.874934,1386,7,15
12817,272,6007-OW102,2007-11-06,1386-8-15,40.3,1311.41,1312,1312,35.60305259852022,2422.877519253152,0.06,0.0008816719536733693,0.05999999999999996,1271.7,18.687037058107062,1031.2019222945166,1032.010743072996,1024.9997865862817,1018.0691124298817,مشهد - چناران,6007,مشهد - چناران,قره چاه,648701,4082298,58.668452,36.874934,1386,8,15
12818,273,6007-OW102,2007-12-06,1386-9-15,40.3,1311.41,1312,1312,35.60305259852022,2422.877519253152,0.06,0.0008816719536733693,0.05999999999999996,1271.7,18.687037058107062,1031.257082392839,1032.0652042885552,1025.0561242901488,1018.1268182056843,مشهد - چناران,6007,مشهد - چناران,قره چاه,648701,4082298,58.668452,36.874934,1386,9,15
12819,274,6007-OW102,2008-01-05,1386-10-15,40.31,1311.41,1312,1312,35.60305259852022,2422.877519253152,0.06,0.0008816719536733693,0.05999999999999996,1271.69,18.68689011278145,1031.5295015287106,1032.3328790119092,1025.3317868308798,1018.4094503880885,مشهد - چناران,6007,مشهد - چناران,قره چاه,648701,4082298,58.668452,36.874934,1386,10,15
12820,275,6007-OW102,2008-02-04,1386-11-15,40.32,1311.41,1312,1312,35.60305259852022,2422.877519253152,0.06,0.0008816719536733693,0.05999999999999996,1271.68,18.68674316745584,1031.9769806113766,1032.7835589492954,1025.8045035297087,1018.9049129049677,مشهد - چناران,6007,مشهد - چناران,قره چاه,648701,4082298,58.668452,36.874934,1386,11,15
12821,276,6007-OW102,2008-03-05,1386-12-15,40.31805555555555,1311.41,1312,1312,35.60305259852022,2422.877519253152,0.06,0.0008816719536733693,0.05999999999999996,1271.6819444444445,18.686771740158044,1032.164006611321,1032.9577687579292,1025.986451697535,1019.0960763735239,مشهد - چناران,6007,مشهد - چناران,قره چاه,648701,4082298,58.668452,36.874934,1386,12,15
12822,277,6007-OW102,2008-04-03,1387-1-15,40.31,1311.41,1312,1312,35.60305259852022,2422.877519253152,0.06,0.0008816719536733693,0.05999999999999996,1271.69,18.68689011278145,1031.8976414669917,1032.6629571908595,1025.6778574867428,1018.7743852356376,مشهد - چناران,6007,مشهد - چناران,قره چاه,648701,4082298,58.668452,36.874934,1387,1,15
12823,278,6007-OW102,2008-05-04,1387-2-15,40.31192307692308,1311.41,1312,1312,35.60305259852022,2422.877519253152,0.06,0.0008816719536733693,0.05999999999999996,1271.688076923077,18.68686185406499,1031.580818680601,1032.338898692669,1025.3444711114187,1018.4314746407526,مشهد - چناران,6007,مشهد - چناران,قره چاه,648701,4082298,58.668452,36.874934,1387,2,15
12824,279,6007-OW102,2008-06-04,1387-3-15,40.32238095238095,1311.41,1312,1312,35.60305259852022,2422.877519253152,0.06,0.0008816719536733693,0.05999999999999996,1271.6776190476191,18.686708180473552,1031.2776422743425,1032.034273763616,1025.0348621004134,1018.1170680306285,مشهد - چناران,6007,مشهد - چناران,قره چاه,648701,4082298,58.668452,36.874934,1387,3,15
12825,280,6007-OW102,2008-07-05,1387-4-15,40.3297619047619,1311.41,1312,1312,35.60305259852022,2422.877519253152,0.06,0.0008816719536733693,0.05999999999999996,1271.6702380952381,18.686599720828458,1030.9386229678873,1031.7041175114005,1024.6975686429332,1017.7734487468335,مشهد - چناران,6007,مشهد - چناران,قره چاه,648701,4082298,58.668452,36.874934,1387,4,15
12826,281,6007-OW102,2008-08-05,1387-5-15,40.3306,1311.41,1312,1312,35.60305259852022,2422.877519253152,0.06,0.0008816719536733693,0.05999999999999996,1271.6694,18.68658740541069,1030.618301646128,1031.3940304824766,1024.363428701559,1017.4159331287809,مشهد - چناران,6007,مشهد - چناران,قره چاه,648701,4082298,58.668452,36.874934,1387,5,15
12827,282,6007-OW102,2008-09-05,1387-6-15,40.336800000000004,1311.41,1312,1312,35.60305259852022,2422.877519253152,0.06,0.0008816719536733693,0.05999999999999996,1271.6632,18.68649629930881,1030.3459502741148,1031.1373113863624,1024.0953314483766,1017.1368445297563,مشهد - چناران,6007,مشهد - چناران,قره چاه,648701,4082298,58.668452,36.874934,1387,6,15
12828,283,6007-OW102,2008-10-06,1387-7-15,40.346250000000005,1311.41,1312,1312,35.60305259852022,2422.877519253152,0.06,0.0008816719536733693,0.05999999999999996,1271.65375,18.686357435976106,1030.2690297539368,1031.0796079012798,1024.0408757846235,1017.0858132410452,مشهد - چناران,6007,مشهد - چناران,قره چاه,648701,4082298,58.668452,36.874934,1387,7,15
12829,284,6007-OW102,2008-11-05,1387-8-15,40.364999999999995,1311.41,1312,1312,35.60305259852022,2422.877519253152,0.06,0.0008816719536733693,0.05999999999999996,1271.635,18.686081913490582,1030.230550268877,1031.0586378402072,1024.028483952606,1017.0820358683605,مشهد - چناران,6007,مشهد - چناران,قره چاه,648701,4082298,58.668452,36.874934,1387,8,15
12830,285,6007-OW102,2008-12-05,1387-9-15,40.38,1311.41,1312,1312,35.60305259852022,2422.877519253152,0.06,0.0008816719536733693,0.05999999999999996,1271.62,18.685861495502166,1030.198203895283,1031.044375952346,1024.020400202308,1017.0800579569143,مشهد - چناران,6007,مشهد - چناران,قره چاه,648701,4082298,58.668452,36.874934,1387,9,15
12831,286,6007-OW102,2009-01-04,1387-10-15,40.3830303030303,1311.41,1312,1312,35.60305259852022,2422.877519253152,0.06,0.0008816719536733693,0.05999999999999996,1271.6169696969696,18.68581696661562,1030.3813489783947,1031.2516718520124,1024.2407951251762,1017.3132735761216,مشهد - چناران,6007,مشهد - چناران,قره چاه,648701,4082298,58.668452,36.874934,1387,10,15
12832,287,6007-OW102,2009-02-03,1387-11-15,40.4,1311.41,1312,1312,35.60305259852022,2422.877519253152,0.06,0.0008816719536733693,0.05999999999999996,1271.6,18.68556760485094,1030.7223468429156,1031.5580150920498,1024.5513546162686,1017.6275692547113,مشهد - چناران,6007,مشهد - چناران,قره چاه,648701,4082298,58.668452,36.874934,1387,11,15
12833,288,6007-OW102,2009-03-05,1387-12-15,40.4,1311.41,1312,1312,35.60305259852022,2422.877519253152,0.06,0.0008816719536733693,0.05999999999999996,1271.6,18.68556760485094,1030.661500685305,1031.513266110504,1024.5065600846224,1017.5833390471988,مشهد - چناران,6007,مشهد - چناران,قره چاه,648701,4082298,58.668452,36.874934,1387,12,15
12834,289,6007-OW102,2009-04-04,1388-1-15,40.40658536585366,1311.41,1312,1312,35.60305259852022,2422.877519253152,0.06,0.0008816719536733693,0.05999999999999996,1271.5934146341463,18.685470835977977,1030.6529384529974,1031.517758756463,1024.5167945325823,1017.5997413543012,مشهد - چناران,6007,مشهد - چناران,قره چاه,648701,4082298,58.668452,36.874934,1388,1,15
12835,290,6007-OW102,2009-05-05,1388-2-15,40.43103448275862,1311.41,1312,1312,35.60305259852022,2422.877519253152,0.06,0.0008816719536733693,0.05999999999999996,1271.5689655172414,18.685111567633527,1030.6551600972764,1031.5393592366174,1024.5468396963956,1017.6388552514353,مشهد - چناران,6007,مشهد - چناران,قره چاه,648701,4082298,58.668452,36.874934,1388,2,15
12836,291,6007-OW102,2009-06-05,1388-3-15,40.43772727272727,1311.41,1312,1312,35.60305259852022,2422.877519253152,0.06,0.0008816719536733693,0.05999999999999996,1271.5622727272728,18.685013220213406,1030.5098895475944,1031.4082977070905,1024.4206560153943,1017.518117738262,مشهد - چناران,6007,مشهد - چناران,قره چاه,648701,4082298,58.668452,36.874934,1388,3,15
12837,292,6007-OW102,2009-07-06,1388-4-15,40.43,1311.41,1312,1312,35.60305259852022,2422.877519253152,0.06,0.0008816719536733693,0.05999999999999996,1271.57,18.685126768874106,1030.201916493965,1031.1119248235007,1024.1160950607157,1017.2052484154432,مشهد - چناران,6007,مشهد - چناران,قره چاه,648701,4082298,58.668452,36.874934,1388,4,15
12838,293,6007-OW102,2009-08-06,1388-5-15,40.43279069767442,1311.41,1312,1312,35.60305259852022,2422.877519253152,0.06,0.0008816719536733693,0.05999999999999996,1271.5672093023256,18.685085760876262,1029.8160449011937,1030.7033215703143,1023.6902075848059,1016.7633222317467,مشهد - چناران,6007,مشهد - چناران,قره چاه,648701,4082298,58.668452,36.874934,1388,5,15
12839,294,6007-OW102,2009-09-06,1388-6-15,40.45441860465117,1311.41,1312,1312,35.60305259852022,2422.877519253152,0.06,0.0008816719536733693,0.05999999999999996,1271.5455813953488,18.684767948892958,1029.5566345987766,1030.4442190951254,1023.4233517595361,1016.4891236192015,مشهد - چناران,6007,مشهد - چناران,قره چاه,648701,4082298,58.668452,36.874934,1388,6,15
12840,295,6007-OW102,2009-10-07,1388-7-15,40.46,1311.41,1312,1312,35.60305259852022,2422.877519253152,0.06,0.0008816719536733693,0.05999999999999996,1271.54,18.684685932897267,1029.4915545013687,1030.3836056288385,1023.3681485578775,1016.4401169946315,مشهد - چناران,6007,مشهد - چناران,قره چاه,648701,4082298,58.668452,36.874934,1388,7,15
12841,296,6007-OW102,2009-11-06,1388-8-15,40.47,1311.41,1312,1312,35.60305259852022,2422.877519253152,0.06,0.0008816719536733693,0.05999999999999996,1271.53,18.684538987571656,1029.4231229872348,1030.3308658832561,1023.3182534736226,1016.3932781490315,مشهد - چناران,6007,مشهد - چناران,قره چاه,648701,4082298,58.668452,36.874934,1388,8,15
12842,297,6007-OW102,2009-12-06,1388-9-15,40.48,1311.41,1312,1312,35.60305259852022,2422.877519253152,0.06,0.0008816719536733693,0.05999999999999996,1271.52,18.684392042246042,1029.4497456130302,1030.373549069288,1023.3703930429143,1016.4543815827413,مشهد - چناران,6007,مشهد - چناران,قره چاه,648701,4082298,58.668452,36.874934,1388,9,15
12843,298,6007-OW102,2010-01-05,1388-10-15,40.504999999999995,1311.41,1312,1312,35.60305259852022,2422.877519253152,0.06,0.0008816719536733693,0.05999999999999996,1271.495,18.684024678932012,1029.6294546020054,1030.5759364901419,1023.58295328202,1016.6760656173551,مشهد - چناران,6007,مشهد - چناران,قره چاه,648701,4082298,58.668452,36.874934,1388,10,15
12844,299,6007-OW102,2010-02-04,1388-11-15,40.52,1311.41,1312,1312,35.60305259852022,2422.877519253152,0.06,0.0008816719536733693,0.05999999999999996,1271.48,18.683804260943596,1029.7725040924654,1030.7217553434996,1023.734901715764,1016.8338289473601,مشهد - چناران,6007,مشهد - چناران,قره چاه,648701,4082298,58.668452,36.874934,1388,11,15
12845,300,6007-OW102,2010-03-06,1388-12-15,40.522800000000004,1311.41,1312,1312,35.60305259852022,2422.877519253152,0.06,0.0008816719536733693,0.05999999999999996,1271.4772,18.683763116252425,1029.8750352496293,1030.8259267217086,1023.8506270880372,1016.9615318956326,مشهد - چناران,6007,مشهد - چناران,قره چاه,648701,4082298,58.668452,36.874934,1388,12,15
12846,301,6007-OW102,2010-04-04,1389-1-15,40.528600000000004,1311.41,1312,1312,35.60305259852022,2422.877519253152,0.06,0.0008816719536733693,0.05999999999999996,1271.4714,18.68367788796357,1029.8691940585693,1030.8260459217668,1023.8389571403796,1016.9380336494355,مشهد - چناران,6007,مشهد - چناران,قره چاه,648701,4082298,58.668452,36.874934,1389,1,15
12847,302,6007-OW102,2010-05-05,1389-2-15,40.54697674418605,1311.41,1312,1312,35.60305259852022,2422.877519253152,0.06,0.0008816719536733693,0.05999999999999996,1271.453023255814,18.68340785029776,1029.7092759657382,1030.6908710522334,1023.6921485848253,1016.7800421376437,مشهد - چناران,6007,مشهد - چناران,قره چاه,648701,4082298,58.668452,36.874934,1389,2,15
12848,303,6007-OW102,2010-06-05,1389-3-15,40.568604651162794,1311.41,1312,1312,35.60305259852022,2422.877519253152,0.06,0.0008816719536733693,0.05999999999999996,1271.4313953488372,18.683090038314457,1029.53279507792,1030.5164345316628,1023.5206061525594,1016.6120911701557,مشهد - چناران,6007,مشهد - چناران,قره چاه,648701,4082298,58.668452,36.874934,1389,3,15
12849,304,6007-OW102,2010-07-06,1389-4-15,40.57,1311.41,1312,1312,35.60305259852022,2422.877519253152,0.06,0.0008816719536733693,0.05999999999999996,1271.43,18.683069534315536,1029.3628438590918,1030.3421125189657,1023.3493036274373,1016.4443420976286,مشهد - چناران,6007,مشهد - چناران,قره چاه,648701,4082298,58.668452,36.874934,1389,4,15
12850,305,6007-OW102,2010-08-06,1389-5-15,40.571621621621624,1311.41,1312,1312,35.60305259852022,2422.877519253152,0.06,0.0008816719536733693,0.05999999999999996,1271.4283783783783,18.68304570534381,1029.1000720256327,1030.0450431487593,1023.0415020099583,1016.126699243072,مشهد - چناران,6007,مشهد - چناران,قره چاه,648701,4082298,58.668452,36.874934,1389,5,15
12851,306,6007-OW102,2010-09-06,1389-6-15,40.58,1311.41,1312,1312,35.60305259852022,2422.877519253152,0.06,0.0008816719536733693,0.05999999999999996,1271.42,18.682922588989925,1028.9051138022944,1029.8475798525799,1022.8351583670633,1015.9117036748725,مشهد - چناران,6007,مشهد - چناران,قره چاه,648701,4082298,58.668452,36.874934,1389,6,15
12852,307,6007-OW102,2010-10-07,1389-7-15,40.586666666666666,1311.41,1312,1312,35.60305259852022,2422.877519253152,0.06,0.0008816719536733693,0.05999999999999996,1271.4133333333334,18.682824625439515,1028.907900966735,1029.85862216902,1022.8632061930579,1015.9562824080149,مشهد - چناران,6007,مشهد - چناران,قره چاه,648701,4082298,58.668452,36.874934,1389,7,15
12853,308,6007-OW102,2010-11-06,1389-8-15,40.62121951219512,1311.41,1312,1312,35.60305259852022,2422.877519253152,0.06,0.0008816719536733693,0.05999999999999996,1271.378780487805,18.682316887525815,1028.847675560367,1029.8110678868177,1022.8219705632847,1015.9213782596098,مشهد - چناران,6007,مشهد - چناران,قره چاه,648701,4082298,58.668452,36.874934,1389,8,15
12854,309,6007-OW102,2010-12-06,1389-9-15,40.62853658536586,1311.41,1312,1312,35.60305259852022,2422.877519253152,0.06,0.0008816719536733693,0.05999999999999996,1271.371463414634,18.682209366555853,1028.778658095242,1029.7606813534142,1022.7742144207581,1015.8763806192767,مشهد - چناران,6007,مشهد - چناران,قره چاه,648701,4082298,58.668452,36.874934,1389,9,15
12855,310,6007-OW102,2011-01-05,1389-10-15,40.64,1311.41,1312,1312,35.60305259852022,2422.877519253152,0.06,0.0008816719536733693,0.05999999999999996,1271.36,18.682040917036247,1028.8938427690496,1029.9079545623038,1022.9349646167525,1016.0499345243308,مشهد - چناران,6007,مشهد - چناران,قره چاه,648701,4082298,58.668452,36.874934,1389,10,15
12856,311,6007-OW102,2011-02-04,1389-11-15,40.63852941176471,1311.41,1312,1312,35.60305259852022,2422.877519253152,0.06,0.0008816719536733693,0.05999999999999996,1271.3614705882353,18.682062526642955,1029.170763579288,1030.2090896560107,1023.2537362231494,1016.3862436568522,مشهد - چناران,6007,مشهد - چناران,قره چاه,648701,4082298,58.668452,36.874934,1389,11,15
12857,312,6007-OW102,2011-03-06,1389-12-15,40.63068965517242,1311.41,1312,1312,35.60305259852022,2422.877519253152,0.06,0.0008816719536733693,0.05999999999999996,1271.3693103448277,18.682177728201477,1029.428365641556,1030.4897317825607,1023.5539314646046,1016.7065426952306,مشهد - چناران,6007,مشهد - چناران,قره چاه,648701,4082298,58.668452,36.874934,1389,12,15
12858,313,6007-OW102,2011-04-04,1390-1-15,40.65090909090909,1311.41,1312,1312,35.60305259852022,2422.877519253152,0.06,0.0008816719536733693,0.05999999999999996,1271.3490909090908,18.681880613044672,1029.4589803004549,1030.5066433773436,1023.5733043570579,1016.728042656001,مشهد - چناران,6007,مشهد - چناران,قره چاه,648701,4082298,58.668452,36.874934,1390,1,15
12859,314,6007-OW102,2011-05-05,1390-2-15,40.67357142857143,1311.41,1312,1312,35.60305259852022,2422.877519253152,0.06,0.0008816719536733693,0.05999999999999996,1271.3264285714286,18.68154760058598,1029.241389554698,1030.2639209753231,1023.3053149560865,1016.4356777630425,مشهد - چناران,6007,مشهد - چناران,قره چاه,648701,4082298,58.668452,36.874934,1390,2,15
12860,315,6007-OW102,2011-06-05,1390-3-15,40.687222222222225,1311.41,1312,1312,35.60305259852022,2422.877519253152,0.06,0.0008816719536733693,0.05999999999999996,1271.3127777777777,18.68134700855419,1029.0028955925313,1030.0269777174165,1023.0615541323378,1016.1851449601512,مشهد - چناران,6007,مشهد - چناران,قره چاه,648701,4082298,58.668452,36.874934,1390,3,15
12861,316,6007-OW102,2011-07-06,1390-4-15,40.70888888888889,1311.41,1312,1312,35.60305259852022,2422.877519253152,0.06,0.0008816719536733693,0.05999999999999996,1271.2911111111111,18.681028627015365,1028.8143253624958,1029.8487732499498,1022.8788453784001,1015.9985405261931,مشهد - چناران,6007,مشهد - چناران,قره چاه,648701,4082298,58.668452,36.874934,1390,4,15
12862,317,6007-OW102,2011-08-06,1390-5-15,40.74142857142857,1311.41,1312,1312,35.60305259852022,2422.877519253152,0.06,0.0008816719536733693,0.05999999999999996,1271.2585714285715,18.680550471590756,1028.4971893560496,1029.537640354076,1022.5570550167298,1015.6661205428796,مشهد - چناران,6007,مشهد - چناران,قره چاه,648701,4082298,58.668452,36.874934,1390,5,15
12863,318,6007-OW102,2011-09-06,1390-6-15,40.77111111111111,1311.41,1312,1312,35.60305259852022,2422.877519253152,0.06,0.0008816719536733693,0.05999999999999996,1271.2288888888888,18.680114300544886,1028.288262700389,1029.3450699689236,1022.3634828804128,1015.4719574580067,مشهد - چناران,6007,مشهد - چناران,قره چاه,648701,4082298,58.668452,36.874934,1390,6,15
12864,319,6007-OW102,2011-10-07,1390-7-15,40.80555555555556,1311.41,1312,1312,35.60305259852022,2422.877519253152,0.06,0.0008816719536733693,0.05999999999999996,1271.1944444444443,18.679608155534446,1028.2386007356652,1029.299653897749,1022.3319947846957,1015.4542670230138,مشهد - چناران,6007,مشهد - چناران,قره چاه,648701,4082298,58.668452,36.874934,1390,7,15
12865,320,6007-OW102,2011-11-06,1390-8-15,40.83619047619048,1311.41,1312,1312,35.60305259852022,2422.877519253152,0.06,0.0008816719536733693,0.05999999999999996,1271.1638095238095,18.679157989695664,1028.3070544523164,1029.3907296812195,1022.4377653258242,1015.5744048838243,مشهد - چناران,6007,مشهد - چناران,قره چاه,648701,4082298,58.668452,36.874934,1390,8,15
12866,321,6007-OW102,2011-12-06,1390-9-15,40.88263157894737,1311.41,1312,1312,35.60305259852022,2422.877519253152,0.06,0.0008816719536733693,0.05999999999999996,1271.1173684210526,18.678475559399022,1028.5280275990647,1029.6372939890878,1022.7082908246646,1015.868613062732,مشهد - چناران,6007,مشهد - چناران,قره چاه,648701,4082298,58.668452,36.874934,1390,9,15
12867,322,6007-OW102,2012-01-05,1390-10-15,41.37210526315789,1311.41,1312,1312,35.60305259852022,2422.877519253152,0.06,0.0008816719536733693,0.05999999999999996,1270.627894736842,18.671282972408534,1028.6692939260677,1029.7995569267298,1022.9085939967579,1016.1085985557103,مشهد - چناران,6007,مشهد - چناران,قره چاه,648701,4082298,58.668452,36.874934,1390,10,15
12868,323,6007-OW102,2012-02-04,1390-11-15,41.26882352941177,1311.41,1312,1312,35.60305259852022,2422.877519253152,0.06,0.0008816719536733693,0.05999999999999996,1270.7311764705883,18.672800649208046,1029.009568384998,1030.158891967412,1023.2904480638892,1016.5133944201979,مشهد - چناران,6007,مشهد - چناران,قره چاه,648701,4082298,58.668452,36.874934,1390,11,15
12869,324,6007-OW102,2012-03-05,1390-12-15,40.93717391304348,1311.41,1312,1312,35.60305259852022,2422.877519253152,0.06,0.0008816719536733693,0.05999999999999996,1271.0628260869564,18.677674085294683,1029.6333659033883,1030.7857993212322,1023.9198327819539,1017.1434161794889,مشهد - چناران,6007,مشهد - چناران,قره چاه,648701,4082298,58.668452,36.874934,1390,12,15
12870,325,6007-OW102,2012-04-03,1391-1-15,40.932500000000005,1311.41,1312,1312,35.60305259852022,2422.877519253152,0.06,0.0008816719536733693,0.05999999999999996,1271.0675,18.677742766262092,1029.4699737040328,1030.590218309815,1023.7186885571426,1016.9377682695866,مشهد - چناران,6007,مشهد - چناران,قره چاه,648701,4082298,58.668452,36.874934,1391,1,15
12871,326,6007-OW102,2012-05-04,1391-2-15,40.99473684210526,1311.41,1312,1312,35.60305259852022,2422.877519253152,0.06,0.0008816719536733693,0.05999999999999996,1271.0052631578947,18.676828224959266,1029.3023092730034,1030.408583583498,1023.5254708310856,1016.7334603026726,مشهد - چناران,6007,مشهد - چناران,قره چاه,648701,4082298,58.668452,36.874934,1391,2,15
12872,327,6007-OW102,2012-06-04,1391-3-15,40.95166666666667,1311.41,1312,1312,35.60305259852022,2422.877519253152,0.06,0.0008816719536733693,0.05999999999999996,1271.0483333333334,18.67746112105467,1029.166348565439,1030.2708486129434,1023.3552211374098,1016.5315806685898,مشهد - چناران,6007,مشهد - چناران,قره چاه,648701,4082298,58.668452,36.874934,1391,3,15
12873,328,6007-OW102,2012-07-05,1391-4-15,40.93,1311.41,1312,1312,35.60305259852022,2422.877519253152,0.06,0.0008816719536733693,0.05999999999999996,1271.07,18.677779502593495,1029.0107515063964,1030.1109684060668,1023.1736934378035,1016.3282981145072,مشهد - چناران,6007,مشهد - چناران,قره چاه,648701,4082298,58.668452,36.874934,1391,4,15
12874,329,6007-OW102,2012-08-05,1391-5-15,40.93,1311.41,1312,1312,35.60305259852022,2422.877519253152,0.06,0.0008816719536733693,0.05999999999999996,1271.07,18.677779502593495,1028.74143537363,1029.8372516381569,1022.8874577216329,1016.0293383510402,مشهد - چناران,6007,مشهد - چناران,قره چاه,648701,4082298,58.668452,36.874934,1391,5,15
12875,330,6007-OW102,2012-09-05,1391-6-15,40.8595,1311.41,1312,1312,35.60305259852022,2422.877519253152,0.06,0.0008816719536733693,0.05999999999999996,1271.1405,18.67881546713906,1028.5543556479238,1029.6367235989785,1022.6849108265178,1015.8243727434235,مشهد - چناران,6007,مشهد - چناران,قره چاه,648701,4082298,58.668452,36.874934,1391,6,15
12876,331,6007-OW102,2012-10-06,1391-7-15,40.844,1311.41,1312,1312,35.60305259852022,2422.877519253152,0.06,0.0008816719536733693,0.05999999999999996,1271.156,18.67904323239376,1028.5667782020078,1029.6505522911334,1022.7141860854576,1015.8686953653535,مشهد - چناران,6007,مشهد - چناران,قره چاه,648701,4082298,58.668452,36.874934,1391,7,15
12877,332,6007-OW102,2012-11-05,1391-8-15,40.8248275862069,1311.41,1312,1312,35.60305259852022,2422.877519253152,0.06,0.0008816719536733693,0.05999999999999996,1271.175172413793,18.67932496205252,1028.6289115210304,1029.7088498694552,1022.7848511230638,1015.950830936962,مشهد - چناران,6007,مشهد - چناران,قره چاه,648701,4082298,58.668452,36.874934,1391,8,15
12878,333,6007-OW102,2012-12-05,1391-9-15,40.8130303030303,1311.41,1312,1312,35.60305259852022,2422.877519253152,0.06,0.0008816719536733693,0.05999999999999996,1271.1869696969698,18.679498317614293,1028.688162165242,1029.775880311826,1022.8537181769825,1016.0222887373437,مشهد - چناران,6007,مشهد - چناران,قره چاه,648701,4082298,58.668452,36.874934,1391,9,15
12879,334,6007-OW102,2013-01-04,1391-10-15,40.81,1311.41,1312,1312,35.60305259852022,2422.877519253152,0.06,0.0008816719536733693,0.05999999999999996,1271.19,18.67954284650084,1029.0498829462063,1030.1435801639802,1023.2534833332368,1016.453934522752,مشهد - چناران,6007,مشهد - چناران,قره چاه,648701,4082298,58.668452,36.874934,1391,10,15
12880,335,6007-OW102,2013-02-03,1391-11-15,40.80690476190476,1311.41,1312,1312,35.60305259852022,2422.877519253152,0.06,0.0008816719536733693,0.05999999999999996,1271.1930952380953,18.67958832957782,1029.4385717886125,1030.5437370360596,1023.6730711894236,1016.8931230080631,مشهد - چناران,6007,مشهد - چناران,قره چاه,648701,4082298,58.668452,36.874934,1391,11,15
12881,336,6007-OW102,2013-03-05,1391-12-15,40.79909090909091,1311.41,1312,1312,35.60305259852022,2422.877519253152,0.06,0.0008816719536733693,0.05999999999999996,1271.2009090909091,18.67970315049242,1029.5602578676717,1030.6557067666292,1023.7847128861739,1017.0035557223147,مشهد - چناران,6007,مشهد - چناران,قره چاه,648701,4082298,58.668452,36.874934,1391,12,15
12882,337,6007-OW102,2013-04-04,1392-1-15,40.771818181818176,1311.41,1312,1312,35.60305259852022,2422.877519253152,0.06,0.0008816719536733693,0.05999999999999996,1271.2281818181818,18.680103910471363,1029.6737884968127,1030.760348135659,1023.8920968319694,1017.1128032005778,مشهد - چناران,6007,مشهد - چناران,قره چاه,648701,4082298,58.668452,36.874934,1392,1,15
12883,338,6007-OW102,2013-05-05,1392-2-15,40.873333333333335,1311.41,1312,1312,35.60305259852022,2422.877519253152,0.06,0.0008816719536733693,0.05999999999999996,1271.1266666666666,18.67861219277196,1029.5544161137248,1030.626439497445,1023.7518096112061,1016.9653984983909,مشهد - چناران,6007,مشهد - چناران,قره چاه,648701,4082298,58.668452,36.874934,1392,2,15
12884,339,6007-OW102,2013-06-05,1392-3-15,40.91307692307692,1311.41,1312,1312,35.60305259852022,2422.877519253152,0.06,0.0008816719536733693,0.05999999999999996,1271.086923076923,18.678028179298376,1029.2554534478024,1030.331344443105,1023.4480097113329,1016.6537908570323,مشهد - چناران,6007,مشهد - چناران,قره چاه,648701,4082298,58.668452,36.874934,1392,3,15
12885,340,6007-OW102,2013-07-06,1392-4-15,40.88666666666667,1311.41,1312,1312,35.60305259852022,2422.877519253152,0.06,0.0008816719536733693,0.05999999999999996,1271.1133333333332,18.678416265671146,1029.0193810739668,1030.095300010602,1023.1932051157071,1016.3809346538665,مشهد - چناران,6007,مشهد - چناران,قره چاه,648701,4082298,58.668452,36.874934,1392,4,15
12886,341,6007-OW102,2013-08-06,1392-5-15,40.78333333333333,1311.41,1312,1312,35.60305259852022,2422.877519253152,0.06,0.0008816719536733693,0.05999999999999996,1271.2166666666667,18.679934700702475,1028.8731217500458,1029.9505753961007,1023.0473053140025,1016.2332869569888,مشهد - چناران,6007,مشهد - چناران,قره چاه,648701,4082298,58.668452,36.874934,1392,5,15
12887,342,6007-OW102,2013-09-06,1392-6-15,40.86411764705882,1311.41,1312,1312,35.60305259852022,2422.877519253152,0.06,0.0008816719536733693,0.05999999999999996,1271.1358823529413,18.678747612974,1028.5241710039236,1029.592235910641,1022.6689632166795,1015.8365258348636,مشهد - چناران,6007,مشهد - چناران,قره چاه,648701,4082298,58.668452,36.874934,1392,6,15
12888,343,6007-OW102,2013-10-07,1392-7-15,40.82764705882353,1311.41,1312,1312,35.60305259852022,2422.877519253152,0.06,0.0008816719536733693,0.05999999999999996,1271.1723529411765,18.67928353122035,1028.4899240596292,1029.5604138164556,1022.6490250399091,1015.828610975072,مشهد - چناران,6007,مشهد - چناران,قره چاه,648701,4082298,58.668452,36.874934,1392,7,15
12889,344,6007-OW102,2013-11-06,1392-8-15,40.835,1311.41,1312,1312,35.60305259852022,2422.877519253152,0.06,0.0008816719536733693,0.05999999999999996,1271.165,18.67917548318681,1028.482807194728,1029.5676546505297,1022.6671950815263,1015.8576905305946,مشهد - چناران,6007,مشهد - چناران,قره چاه,648701,4082298,58.668452,36.874934,1392,8,15
12890,345,6007-OW102,2013-12-06,1392-9-15,40.910000000000004,1311.41,1312,1312,35.60305259852022,2422.877519253152,0.06,0.0008816719536733693,0.05999999999999996,1271.09,18.67807339324472,1028.537069354755,1029.6273752236634,1022.7399468828215,1015.94255311365,مشهد - چناران,6007,مشهد - چناران,قره چاه,648701,4082298,58.668452,36.874934,1392,9,15
12891,346,6007-OW102,2014-01-05,1392-10-15,40.967999999999996,1311.41,1312,1312,35.60305259852022,2422.877519253152,0.06,0.0008816719536733693,0.05999999999999996,1271.032,18.677221110356168,1028.6043397252436,1029.7139653137478,1022.8387780145093,1016.0530971012421,مشهد - چناران,6007,مشهد - چناران,قره چاه,648701,4082298,58.668452,36.874934,1392,10,15
12892,347,6007-OW102,2014-02-04,1392-11-15,40.918124999999996,1311.41,1312,1312,35.60305259852022,2422.877519253152,0.06,0.0008816719536733693,0.05999999999999996,1271.081875,18.67795400016766,1028.7650952104398,1029.8936137262322,1023.0371771148714,1016.2707861542278,مشهد - چناران,6007,مشهد - چناران,قره چاه,648701,4082298,58.668452,36.874934,1392,11,15
12893,348,6007-OW102,2014-03-06,1392-12-15,40.82739130434783,1311.41,1312,1312,35.60305259852022,2422.877519253152,0.06,0.0008816719536733693,0.05999999999999996,1271.1726086956521,18.67928728941282,1028.961715530386,1030.0994205208297,1023.2558580802158,1016.5019587708265,مشهد - چناران,6007,مشهد - چناران,قره چاه,648701,4082298,58.668452,36.874934,1392,12,15
