,index,Date_Gregorian,Date_Persian,Aquifer_Area,Aquifer_Storage_Coefficient,Aquifer_Head,Aquifer_Head_Arithmetic_Mean,Aquifer_Head_Geometric_Mean,Aquifer_Head_Harmonic_Mean,Mahdodeh_Name,Mahdodeh_Code,Aquifer_Name,Adjusted_Aquifer_Head,year_Date_Persian,month_Date_Persian,day_Date_Persian
0,0,2001-04-04 00:00:00,1380-1-15,2583.933464378716,0.07000000000000002,1044.5342322208771,1035.576494761511,1032.7466122584767,1029.84017838343,جوین,4740,جوین,1043.0124340016664,1380,1,15
1,1,2001-05-05 00:00:00,1380-2-15,2583.933464378716,0.07000000000000002,1044.1650389814583,1035.2080461209089,1032.378107822453,1029.471699291249,جوین,4740,جوین,1042.6432407622476,1380,2,15
2,2,2001-06-05 00:00:00,1380-3-15,2583.933464378716,0.07000000000000002,1044.0572702451705,1035.1120168394825,1032.2806252523474,1029.372795236478,جوین,4740,جوین,1042.5354720259597,1380,3,15
3,3,2001-07-06 00:00:00,1380-4-15,2583.933464378716,0.07000000000000002,1043.9113559196003,1034.9774700610221,1032.1441980736452,1029.2344315195423,جوین,4740,جوین,1042.3895577003896,1380,4,15
4,4,2001-08-06 00:00:00,1380-5-15,2583.933464378716,0.07000000000000002,1043.714961378886,1034.7789706378987,1031.94393788563,1029.0326116050237,جوین,4740,جوین,1042.1931631596754,1380,5,15
5,5,2001-09-06 00:00:00,1380-6-15,2583.933464378716,0.07000000000000002,1043.509070545684,1034.5752663470225,1031.7365991842037,1028.8217402969203,جوین,4740,جوین,1041.9872723264732,1380,6,15
6,6,2001-10-07 00:00:00,1380-7-15,2607.0169255783685,0.07,1041.9872723264732,1034.509534442569,1031.6731293483851,1028.760481557139,جوین,4740,جوین,1041.9872723264732,1380,7,15
7,7,2001-11-06 00:00:00,1380-8-15,2607.0169255783685,0.07,1041.9213851088023,1034.4469440409052,1031.611836304193,1028.7006036554753,جوین,4740,جوین,1041.9213851088023,1380,8,15
8,8,2001-12-06 00:00:00,1380-9-15,2607.0169255783685,0.07,1041.9040726344356,1034.4477487543688,1031.6161013894668,1028.7083259019469,جوین,4740,جوین,1041.9040726344356,1380,9,15
9,9,2002-01-05 00:00:00,1380-10-15,2607.0169255783685,0.07,1041.9576900629745,1034.5149732517482,1031.6865213464498,1028.7821640935756,جوین,4740,جوین,1041.9576900629745,1380,10,15
10,10,2002-02-04 00:00:00,1380-11-15,2607.0169255783685,0.07,1041.9890917773891,1034.5548744364712,1031.730375328777,1028.8300116428413,جوین,4740,جوین,1041.9890917773891,1380,11,15
11,11,2002-03-06 00:00:00,1380-12-15,2607.0169255783685,0.07,1041.9814373128816,1034.5566211153762,1031.736774067111,1028.841290708691,جوین,4740,جوین,1041.9814373128816,1380,12,15
12,12,2002-04-04 00:00:00,1381-1-15,2607.0169255783685,0.07,1041.91628051196,1034.4898175491553,1031.6684117975635,1028.7715348013173,جوین,4740,جوین,1041.91628051196,1381,1,15
13,13,2002-05-05 00:00:00,1381-2-15,2607.0169255783685,0.07,1041.7609246381135,1034.3378075895369,1031.5185121906964,1028.6238192663407,جوین,4740,جوین,1041.7609246381135,1381,2,15
14,14,2002-06-05 00:00:00,1381-3-15,2607.0169255783685,0.07,1041.585983584332,1034.1830023171274,1031.3622084885112,1028.4658909954687,جوین,4740,جوین,1041.585983584332,1381,3,15
15,15,2002-07-06 00:00:00,1381-4-15,2607.0169255783685,0.07,1041.4634253382062,1034.0780505565758,1031.259770028868,1028.366143213361,جوین,4740,جوین,1041.4634253382062,1381,4,15
16,16,2002-08-06 00:00:00,1381-5-15,2607.0169255783685,0.07,1041.3281851543043,1033.9481297172656,1031.1332403803212,1028.2430266564038,جوین,4740,جوین,1041.3281851543043,1381,5,15
17,17,2002-09-06 00:00:00,1381-6-15,2607.0169255783685,0.07,1041.1425211270741,1033.7663827049387,1030.9460525490892,1028.0503212025308,جوین,4740,جوین,1041.1425211270741,1381,6,15
18,18,2002-10-07 00:00:00,1381-7-15,2607.0169255783685,0.07,1041.0309229437917,1033.660628427871,1030.8415351517608,1027.9471631926965,جوین,4740,جوین,1041.0309229437917,1381,7,15
19,19,2002-11-06 00:00:00,1381-8-15,2607.0169255783685,0.07,1040.8831324111475,1033.5264091692084,1030.7080168505786,1027.8146019675812,جوین,4740,جوین,1040.8831324111475,1381,8,15
20,20,2002-12-06 00:00:00,1381-9-15,2607.0169255783685,0.07,1040.7933127666874,1033.4487315325755,1030.6289490533406,1027.7343416864544,جوین,4740,جوین,1040.7933127666874,1381,9,15
21,21,2003-01-05 00:00:00,1381-10-15,2607.0169255783685,0.07,1040.7821452369603,1033.4556917761802,1030.6376556316466,1027.7447112873335,جوین,4740,جوین,1040.7821452369603,1381,10,15
22,22,2003-02-04 00:00:00,1381-11-15,2607.0169255783685,0.07,1040.8572098968325,1033.5414538540138,1030.7244112161763,1027.8323328588835,جوین,4740,جوین,1040.8572098968325,1381,11,15
23,23,2003-03-06 00:00:00,1381-12-15,2607.0169255783685,0.07,1040.9235742288931,1033.595011394103,1030.7837576938869,1027.8975486919073,جوین,4740,جوین,1040.9235742288931,1381,12,15
24,24,2003-04-04 00:00:00,1382-1-15,2607.0169255783685,0.07,1040.882924585908,1033.5501441158542,1030.7418371595688,1027.8587239263693,جوین,4740,جوین,1040.882924585908,1382,1,15
25,25,2003-05-05 00:00:00,1382-2-15,2607.0169255783685,0.07,1040.8173340617152,1033.4876970952125,1030.6803810914002,1027.7983198160896,جوین,4740,جوین,1040.8173340617152,1382,2,15
26,26,2003-06-05 00:00:00,1382-3-15,2607.0169255783685,0.07,1040.6868085626948,1033.3577816461889,1030.5482689308863,1027.6638246267858,جوین,4740,جوین,1040.6868085626948,1382,3,15
27,27,2003-07-06 00:00:00,1382-4-15,2607.0169255783685,0.07,1040.5497770982324,1033.2242603007148,1030.4136902114935,1027.5281403827962,جوین,4740,جوین,1040.5497770982324,1382,4,15
28,28,2003-08-06 00:00:00,1382-5-15,2607.0169255783685,0.07,1040.4065855131757,1033.0872281674306,1030.276344397815,1027.3906636501367,جوین,4740,جوین,1040.4065855131757,1382,5,15
29,29,2003-09-06 00:00:00,1382-6-15,2607.0169255783685,0.07,1040.265511577715,1032.947278935691,1030.1348689635356,1027.2476400452279,جوین,4740,جوین,1040.265511577715,1382,6,15
30,30,2003-10-07 00:00:00,1382-7-15,2607.0169255783685,0.07,1040.131270310348,1032.821241281822,1030.007480857294,1027.1189012487926,جوین,4740,جوین,1040.131270310348,1382,7,15
31,31,2003-11-06 00:00:00,1382-8-15,2607.0169255783685,0.07,1040.0264823816276,1032.7286924089951,1029.9157170142928,1027.0279250711942,جوین,4740,جوین,1040.0264823816276,1382,8,15
32,32,2003-12-06 00:00:00,1382-9-15,2607.0169255783685,0.07,1039.9429455673585,1032.656654026587,1029.8447719194103,1026.9580882146986,جوین,4740,جوین,1039.9429455673585,1382,9,15
33,33,2004-01-05 00:00:00,1382-10-15,2607.0169255783685,0.07,1039.9775475628053,1032.7112148536764,1029.904678894537,1027.0236399618138,جوین,4740,جوین,1039.9775475628053,1382,10,15
34,34,2004-02-04 00:00:00,1382-11-15,2607.0169255783685,0.07,1040.004757966834,1032.7449554852146,1029.9417094358291,1027.0639558131734,جوین,4740,جوین,1040.004757966834,1382,11,15
35,35,2004-03-05 00:00:00,1382-12-15,2607.0169255783685,0.07,1039.9977293662341,1032.7366243364895,1029.9336910497232,1027.0561180437348,جوین,4740,جوین,1039.9977293662341,1382,12,15
36,36,2004-04-03 00:00:00,1383-1-15,2607.0169255783685,0.07,1039.9476556964728,1032.6919577648005,1029.88984986373,1027.0130460346159,جوین,4740,جوین,1039.9476556964728,1383,1,15
37,37,2004-05-04 00:00:00,1383-2-15,2607.0169255783685,0.07,1039.853956638,1032.6118786422771,1029.8121044976642,1026.9376597565436,جوین,4740,جوین,1039.853956638,1383,2,15
38,38,2004-06-04 00:00:00,1383-3-15,2607.0169255783685,0.07,1039.7113646089151,1032.470025753909,1029.6688710879391,1026.793068249554,جوین,4740,جوین,1039.7113646089151,1383,3,15
39,39,2004-07-05 00:00:00,1383-4-15,2607.0169255783685,0.07,1039.5717126919153,1032.33470933316,1029.5302545156355,1026.6508819212943,جوین,4740,جوین,1039.5717126919153,1383,4,15
40,40,2004-08-05 00:00:00,1383-5-15,2607.0169255783685,0.07,1039.4301425011663,1032.2018407403434,1029.3959079073543,1026.515019361303,جوین,4740,جوین,1039.4301425011663,1383,5,15
41,41,2004-09-05 00:00:00,1383-6-15,2607.0169255783685,0.07,1039.2943137969,1032.0755634045022,1029.2681734005685,1026.385745545924,جوین,4740,جوین,1039.2943137969,1383,6,15
42,42,2004-10-06 00:00:00,1383-7-15,2607.0169255783685,0.07,1039.2011531707205,1031.9973838506273,1029.1909944861497,1026.3095036498423,جوین,4740,جوین,1039.2011531707205,1383,7,15
43,43,2004-11-05 00:00:00,1383-8-15,2607.0169255783685,0.07,1039.105132087856,1031.9175020111948,1029.1128315429874,1026.233070639034,جوین,4740,جوین,1039.105132087856,1383,8,15
44,44,2004-12-05 00:00:00,1383-9-15,2607.0169255783685,0.07,1039.0555091028702,1031.8788277621966,1029.0770930609149,1026.2003767056983,جوین,4740,جوین,1039.0555091028702,1383,9,15
45,45,2005-01-04 00:00:00,1383-10-15,2607.0169255783685,0.07,1039.063666162527,1031.8961748160273,1029.0986081390283,1026.2263175844225,جوین,4740,جوین,1039.063666162527,1383,10,15
46,46,2005-02-03 00:00:00,1383-11-15,2607.0169255783685,0.07,1039.1302978912106,1031.9767426154049,1029.18300025046,1026.3146730657925,جوین,4740,جوین,1039.1302978912106,1383,11,15
47,47,2005-03-05 00:00:00,1383-12-15,2607.0169255783685,0.07,1039.1512778787232,1031.999743103129,1029.2076034545794,1026.340976933823,جوین,4740,جوین,1039.1512778787232,1383,12,15
48,48,2005-04-04 00:00:00,1384-1-15,2607.0169255783685,0.07,1038.9296498806823,1031.7936179410287,1028.994256393864,1026.1207978057357,جوین,4740,جوین,1038.9296498806823,1384,1,15
49,49,2005-05-05 00:00:00,1384-2-15,2607.0169255783685,0.07,1038.7621439783861,1031.6396306173108,1028.8378725965724,1025.9622526915643,جوین,4740,جوین,1038.7621439783861,1384,2,15
50,50,2005-06-05 00:00:00,1384-3-15,2607.0169255783685,0.07,1038.5855074455535,1031.4598651168226,1028.6565282987074,1025.779361823768,جوین,4740,جوین,1038.5855074455535,1384,3,15
51,51,2005-07-06 00:00:00,1384-4-15,,,,,,,جوین,4740,جوین,,1384,4,15
52,52,2005-08-06 00:00:00,1384-5-15,,,,,,,جوین,4740,جوین,,1384,5,15
53,53,2005-09-06 00:00:00,1384-6-15,,,,,,,جوین,4740,جوین,,1384,6,15
54,54,2005-10-07 00:00:00,1384-7-15,2607.0169255783685,0.07,1038.2179620285804,1031.2883589049156,1028.507949427254,1025.6525359081052,جوین,4740,جوین,1038.2179620285804,1384,7,15
55,55,2005-11-06 00:00:00,1384-8-15,2607.0169255783685,0.07,1038.147004564645,1031.2236417817114,1028.4444408351055,1025.5902344911815,جوین,4740,جوین,1038.147004564645,1384,8,15
56,56,2005-12-06 00:00:00,1384-9-15,2607.0169255783685,0.07,1038.0876477839993,1031.1686934631775,1028.389245721635,1025.534867340456,جوین,4740,جوین,1038.0876477839993,1384,9,15
57,57,2006-01-05 00:00:00,1384-10-15,2607.0169255783685,0.07,1038.049641947732,1031.1342397313197,1028.3549094025825,1025.5007216459562,جوین,4740,جوین,1038.049641947732,1384,10,15
58,58,2006-02-04 00:00:00,1384-11-15,2607.0169255783685,0.07,1038.0791977849474,1031.1697358485023,1028.393894856771,1025.5432988350053,جوین,4740,جوین,1038.0791977849474,1384,11,15
59,59,2006-03-06 00:00:00,1384-12-15,2607.0169255783685,0.07,1038.0605948697962,1031.1414356763087,1028.3664058397044,1025.5166430505612,جوین,4740,جوین,1038.0605948697962,1384,12,15
60,60,2006-04-04 00:00:00,1385-1-15,2607.0169255783685,0.07,1037.9674634302426,1031.0523642458909,1028.276868492409,1025.4265931967386,جوین,4740,جوین,1037.9674634302426,1385,1,15
61,61,2006-05-05 00:00:00,1385-2-15,2607.0169255783685,0.07,1037.8636067784632,1030.9571021925085,1028.1787463592084,1025.32533506026,جوین,4740,جوین,1037.8636067784632,1385,2,15
62,62,2006-06-05 00:00:00,1385-3-15,2607.0169255783685,0.07,1037.740292417006,1030.8334670090896,1028.0541208976115,1025.1996833679586,جوین,4740,جوین,1037.740292417006,1385,3,15
63,63,2006-07-06 00:00:00,1385-4-15,2607.0169255783685,0.07,1037.585762148444,1030.6823540333905,1027.9016670624574,1025.0458920063256,جوین,4740,جوین,1037.585762148444,1385,4,15
64,64,2006-08-06 00:00:00,1385-5-15,2607.0169255783685,0.07,1037.446674828617,1030.5481228566614,1027.765399909194,1024.9074952273734,جوین,4740,جوین,1037.446674828617,1385,5,15
65,65,2006-09-06 00:00:00,1385-6-15,2607.0169255783685,0.07,1037.3272989496595,1030.43789160023,1027.6542405894518,1024.795419142949,جوین,4740,جوین,1037.3272989496595,1385,6,15
66,66,2006-10-07 00:00:00,1385-7-15,2607.0169255783685,0.07,1037.236811066581,1030.3607696019033,1027.5785629163775,1024.721151074755,جوین,4740,جوین,1037.236811066581,1385,7,15
67,67,2006-11-06 00:00:00,1385-8-15,2607.0169255783685,0.07,1037.1260419341247,1030.2638820403718,1027.4827827726642,1024.6266414302002,جوین,4740,جوین,1037.1260419341247,1385,8,15
68,68,2006-12-06 00:00:00,1385-9-15,2607.0169255783685,0.07,1037.056160029086,1030.1981362151018,1027.4165168078232,1024.559718259731,جوین,4740,جوین,1037.056160029086,1385,9,15
69,69,2007-01-05 00:00:00,1385-10-15,2607.0169255783685,0.07,1037.0674823044433,1030.2263931116881,1027.4499252712617,1024.5986562021374,جوین,4740,جوین,1037.0674823044433,1385,10,15
70,70,2007-02-04 00:00:00,1385-11-15,2607.0169255783685,0.07,1037.0930937604971,1030.261077015045,1027.4886132349598,1024.6414141458606,جوین,4740,جوین,1037.0930937604971,1385,11,15
71,71,2007-03-06 00:00:00,1385-12-15,2607.0169255783685,0.07,1037.069789269368,1030.228516792102,1027.4560396547981,1024.6087083772009,جوین,4740,جوین,1037.069789269368,1385,12,15
72,72,2007-04-04 00:00:00,1386-1-15,2607.0169255783685,0.07,1037.0292354570643,1030.1946605197047,1027.4250744103879,1024.580805859404,جوین,4740,جوین,1037.0292354570643,1386,1,15
73,73,2007-05-05 00:00:00,1386-2-15,2607.0169255783685,0.07,1036.9422977116776,1030.1154428720663,1027.345775526079,1024.5014821095588,جوین,4740,جوین,1036.9422977116776,1386,2,15
74,74,2007-06-05 00:00:00,1386-3-15,2607.0169255783685,0.07,1036.8505957490943,1030.0330702357205,1027.2643822624664,1024.4210335196879,جوین,4740,جوین,1036.8505957490943,1386,3,15
75,75,2007-07-06 00:00:00,1386-4-15,2607.0169255783685,0.07,1036.703649748309,1029.8897362263338,1027.1187117524526,1024.2729429928686,جوین,4740,جوین,1036.703649748309,1386,4,15
76,76,2007-08-06 00:00:00,1386-5-15,2607.0169255783685,0.07,1036.706761563951,1029.8686330162584,1027.089773463897,1024.2359530320105,جوین,4740,جوین,1036.706761563951,1386,5,15
77,77,2007-09-06 00:00:00,1386-6-15,2607.0169255783685,0.07,1036.6029214779799,1029.7734224828212,1026.9937401388308,1024.1390281305762,جوین,4740,جوین,1036.6029214779799,1386,6,15
78,78,2007-10-07 00:00:00,1386-7-15,2607.0169255783685,0.07,1036.5045721839049,1029.6877666188968,1026.9090633921649,1024.0553260374413,جوین,4740,جوین,1036.5045721839049,1386,7,15
79,79,2007-11-06 00:00:00,1386-8-15,2607.0169255783685,0.07,1036.4261054422861,1029.6181372877954,1026.8404393169858,1023.9877279044204,جوین,4740,جوین,1036.4261054422861,1386,8,15
80,80,2007-12-06 00:00:00,1386-9-15,2607.0169255783685,0.07,1036.3686757988269,1029.5779165793247,1026.8006755962701,1023.9484104818617,جوین,4740,جوین,1036.3686757988269,1386,9,15
81,81,2008-01-05 00:00:00,1386-10-15,2607.0169255783685,0.07,1036.395970347971,1029.6105357264016,1026.837070761453,1023.9888254342163,جوین,4740,جوین,1036.395970347971,1386,10,15
82,82,2008-02-04 00:00:00,1386-11-15,2607.0169255783685,0.07,1036.4460262396083,1029.6643455667174,1026.8951634450493,1024.0513554516565,جوین,4740,جوین,1036.4460262396083,1386,11,15
83,83,2008-03-05 00:00:00,1386-12-15,2607.0169255783685,0.07,1036.4460438618828,1029.6647616196883,1026.8940920059124,1024.0489849409144,جوین,4740,جوین,1036.4460438618828,1386,12,15
84,84,2008-04-03 00:00:00,1387-1-15,2607.0169255783685,0.07,1036.3327884880196,1029.5496427426542,1026.7786817703698,1023.9334629001429,جوین,4740,جوین,1036.3327884880196,1387,1,15
85,85,2008-05-04 00:00:00,1387-2-15,2607.0169255783685,0.07,1036.1515351396158,1029.3384986629444,1026.5606008640175,1023.7085114963832,جوین,4740,جوین,1036.1515351396158,1387,2,15
86,86,2008-06-04 00:00:00,1387-3-15,2607.0169255783685,0.07,1035.990733534267,1029.169149410465,1026.383834660683,1023.523941839517,جوین,4740,جوین,1035.990733534267,1387,3,15
87,87,2008-07-05 00:00:00,1387-4-15,2607.0169255783685,0.07,1035.841680153568,1029.0213502233937,1026.232592821174,1023.3689996012941,جوین,4740,جوین,1035.841680153568,1387,4,15
88,88,2008-08-05 00:00:00,1387-5-15,2607.0169255783685,0.07,1035.7102005550335,1028.8895369147872,1026.0993898720856,1023.2342957296331,جوین,4740,جوین,1035.7102005550335,1387,5,15
89,89,2008-09-05 00:00:00,1387-6-15,2607.0169255783685,0.07,1035.625704726088,1028.8166440779983,1026.0268828339886,1023.1622016693152,جوین,4740,جوین,1035.625704726088,1387,6,15
90,90,2008-10-06 00:00:00,1387-7-15,2607.0169255783685,0.07,1035.547697520063,1028.749275396737,1025.9586156551497,1023.0931681371114,جوین,4740,جوین,1035.547697520063,1387,7,15
91,91,2008-11-05 00:00:00,1387-8-15,2607.0169255783685,0.07,1035.464092336794,1028.6800791843289,1025.889965742072,1023.0250946762922,جوین,4740,جوین,1035.464092336794,1387,8,15
92,92,2008-12-05 00:00:00,1387-9-15,2607.0169255783685,0.07,1035.3601479725924,1028.5865136052942,1025.7979309687028,1022.9347038085374,جوین,4740,جوین,1035.3601479725924,1387,9,15
93,93,2009-01-04 00:00:00,1387-10-15,2607.0169255783685,0.07,1035.372775901559,1028.614230596489,1025.8284012822592,1022.968047640197,جوین,4740,جوین,1035.372775901559,1387,10,15
94,94,2009-02-03 00:00:00,1387-11-15,2607.0169255783685,0.07,1035.3877354725635,1028.6444368711927,1025.8615575724627,1023.0042114280553,جوین,4740,جوین,1035.3877354725635,1387,11,15
95,95,2009-03-05 00:00:00,1387-12-15,2607.0169255783685,0.07,1035.4225021137281,1028.6809033476138,1025.905043859938,1023.0550453745163,جوین,4740,جوین,1035.4225021137281,1387,12,15
96,96,2009-04-04 00:00:00,1388-1-15,2607.0169255783685,0.07,1035.351869778664,1028.6100679812128,1025.8321963877133,1022.9800796168342,جوین,4740,جوین,1035.351869778664,1388,1,15
97,97,2009-05-05 00:00:00,1388-2-15,2607.0169255783685,0.07,1035.255202652586,1028.5184983871725,1025.7389827661502,1022.8851407573086,جوین,4740,جوین,1035.255202652586,1388,2,15
98,98,2009-06-05 00:00:00,1388-3-15,2607.0169255783685,0.07,1035.1441652670048,1028.4126677304412,1025.6321904813574,1022.7773848310467,جوین,4740,جوین,1035.1441652670048,1388,3,15
99,99,2009-07-06 00:00:00,1388-4-15,2607.0169255783685,0.07,1035.034299750326,1028.3077788847556,1025.5264094509453,1022.6706695593139,جوین,4740,جوین,1035.034299750326,1388,4,15
100,100,2009-08-06 00:00:00,1388-5-15,2607.0169255783685,0.07,1034.907275195382,1028.1867963430236,1025.404425066887,1022.5476663584813,جوین,4740,جوین,1034.907275195382,1388,5,15
101,101,2009-09-06 00:00:00,1388-6-15,2607.0169255783685,0.07,1034.7963242406772,1028.0872767097028,1025.3051301119913,1022.448591991782,جوین,4740,جوین,1034.7963242406772,1388,6,15
102,102,2009-10-07 00:00:00,1388-7-15,2607.0169255783685,0.07,1034.699722903247,1028.0014532012601,1025.217798257026,1022.3596744793019,جوین,4740,جوین,1034.699722903247,1388,7,15
103,103,2009-11-06 00:00:00,1388-8-15,2607.0169255783685,0.07,1034.638489464162,1027.9476672107394,1025.1653383756923,1022.3085024946502,جوین,4740,جوین,1034.638489464162,1388,8,15
104,104,2009-12-06 00:00:00,1388-9-15,2607.0169255783685,0.07,1034.5551184612066,1027.8739130167178,1025.0929932549066,1022.2376789971565,جوین,4740,جوین,1034.5551184612066,1388,9,15
105,105,2010-01-05 00:00:00,1388-10-15,2607.0169255783685,0.07,1034.5417989755717,1027.8728645175227,1025.0939791832677,1022.2408033519162,جوین,4740,جوین,1034.5417989755717,1388,10,15
106,106,2010-02-04 00:00:00,1388-11-15,2607.0169255783685,0.07,1034.565873307176,1027.9063218153763,1025.1313619388197,1022.2821931656296,جوین,4740,جوین,1034.565873307176,1388,11,15
107,107,2010-03-06 00:00:00,1388-12-15,2607.0169255783685,0.07,1034.565520315402,1027.9113265493465,1025.1390362399304,1022.2925588300203,جوین,4740,جوین,1034.565520315402,1388,12,15
108,108,2010-04-04 00:00:00,1389-1-15,2607.0169255783685,0.07,1034.513209743851,1027.860313944676,1025.0880933177173,1022.2416966787595,جوین,4740,جوین,1034.513209743851,1389,1,15
109,109,2010-05-05 00:00:00,1389-2-15,2607.0169255783685,0.07,1034.4152904192254,1027.7603832860373,1024.9859650624956,1022.1372698049335,جوین,4740,جوین,1034.4152904192254,1389,2,15
110,110,2010-06-05 00:00:00,1389-3-15,2607.0169255783685,0.07,1034.3191250876057,1027.6681042656842,1024.8918139877069,1022.0411832747337,جوین,4740,جوین,1034.3191250876057,1389,3,15
111,111,2010-07-06 00:00:00,1389-4-15,2607.0169255783685,0.07,1034.2182157835334,1027.569161225381,1024.7927855641115,1021.9420607141708,جوین,4740,جوین,1034.2182157835334,1389,4,15
112,112,2010-08-06 00:00:00,1389-5-15,2607.0169255783685,0.07,1034.1151635873143,1027.4680030732861,1024.6897286419758,1021.8370118522025,جوین,4740,جوین,1034.1151635873143,1389,5,15
113,113,2010-09-06 00:00:00,1389-6-15,2607.0169255783685,0.07,1034.000434973352,1027.3663013239172,1024.5880968491922,1021.7354796609318,جوین,4740,جوین,1034.000434973352,1389,6,15
114,114,2010-10-07 00:00:00,1389-7-15,2607.0169255783685,0.07,1033.9059388939434,1027.285606721947,1024.5095361895828,1021.6590396974028,جوین,4740,جوین,1033.9059388939434,1389,7,15
115,115,2010-11-06 00:00:00,1389-8-15,2607.0169255783685,0.07,1033.8138896787532,1027.2053649590696,1024.4284906644766,1021.5770853037654,جوین,4740,جوین,1033.8138896787532,1389,8,15
116,116,2010-12-06 00:00:00,1389-9-15,2607.0169255783685,0.07,1033.758515104431,1027.1599272239564,1024.383984882831,1021.5335092657824,جوین,4740,جوین,1033.758515104431,1389,9,15
117,117,2011-01-05 00:00:00,1389-10-15,2607.0169255783685,0.07,1033.7285700103514,1027.1437239273537,1024.3711365603529,1021.5241276426161,جوین,4740,جوین,1033.7285700103514,1389,10,15
118,118,2011-02-04 00:00:00,1389-11-15,2607.0169255783685,0.07,1033.742450806271,1027.1593189439022,1024.3899609421726,1021.5462605610354,جوین,4740,جوین,1033.742450806271,1389,11,15
119,119,2011-03-06 00:00:00,1389-12-15,2607.0169255783685,0.07,1033.790183440358,1027.2104010678215,1024.440494192611,1021.5960492703471,جوین,4740,جوین,1033.790183440358,1389,12,15
120,120,2011-04-04 00:00:00,1390-1-15,2607.0169255783685,0.07,1033.757167535085,1027.1791357507038,1024.4091680264223,1021.5645640547747,جوین,4740,جوین,1033.757167535085,1390,1,15
121,121,2011-05-05 00:00:00,1390-2-15,2607.0169255783685,0.07,1033.6365135017384,1027.0604625113301,1024.2880722342463,1021.440918795481,جوین,4740,جوین,1033.6365135017384,1390,2,15
122,122,2011-06-05 00:00:00,1390-3-15,2607.0169255783685,0.07,1033.4926155330006,1026.9203812115525,1024.145843415353,1021.2964215028136,جوین,4740,جوین,1033.4926155330006,1390,3,15
123,123,2011-07-06 00:00:00,1390-4-15,2607.0169255783685,0.07,1033.3604634551932,1026.7963648785253,1024.0230407431268,1021.1749197950073,جوین,4740,جوین,1033.3604634551932,1390,4,15
124,124,2011-08-06 00:00:00,1390-5-15,2607.0169255783685,0.07,1033.2376035685218,1026.6795726206515,1023.9062754857792,1021.0582305439651,جوین,4740,جوین,1033.2376035685218,1390,5,15
125,125,2011-09-06 00:00:00,1390-6-15,2607.0169255783685,0.07,1032.9715831944727,1026.461891902858,1023.6887034967643,1020.8414285031027,جوین,4740,جوین,1032.9715831944727,1390,6,15
126,126,2011-10-07 00:00:00,1390-7-15,2607.0169255783685,0.07,1032.601712399074,1026.1779907090825,1023.4031486763308,1020.5553687452898,جوین,4740,جوین,1032.601712399074,1390,7,15
127,127,2011-11-06 00:00:00,1390-8-15,2607.0169255783685,0.07,1032.5331253951142,1026.1202659649016,1023.347932848724,1020.5027794001096,جوین,4740,جوین,1032.5331253951142,1390,8,15
128,128,2011-12-06 00:00:00,1390-9-15,2607.0169255783685,0.07,1032.4980427980583,1026.0944069363475,1023.3232984440604,1020.4794755698539,جوین,4740,جوین,1032.4980427980583,1390,9,15
129,129,2012-01-05 00:00:00,1390-10-15,2607.0169255783685,0.07,1032.5135864120105,1026.101717727914,1023.3359385535516,1020.4974856051025,جوین,4740,جوین,1032.5135864120105,1390,10,15
130,130,2012-02-04 00:00:00,1390-11-15,2607.0169255783685,0.07,1032.5285028592089,1026.1167456503417,1023.3497173254076,1020.5099059305312,جوین,4740,جوین,1032.5285028592089,1390,11,15
131,131,2012-03-05 00:00:00,1390-12-15,2607.0169255783685,0.07,1032.6164276111742,1026.187576732745,1023.4222608579909,1020.5842996099067,جوین,4740,جوین,1032.6164276111742,1390,12,15
132,132,2012-04-03 00:00:00,1391-1-15,2607.0169255783685,0.07,1032.5466263414755,1026.1130673966322,1023.346351607793,1020.5067652941266,جوین,4740,جوین,1032.5466263414755,1391,1,15
133,133,2012-05-04 00:00:00,1391-2-15,2607.0169255783685,0.07,1032.416204480489,1025.986947497145,1023.2171433109376,1020.3743702371152,جوین,4740,جوین,1032.416204480489,1391,2,15
134,134,2012-06-04 00:00:00,1391-3-15,2607.0169255783685,0.07,1032.3043401881662,1025.886446142475,1023.1156239128106,1020.2717443533589,جوین,4740,جوین,1032.3043401881662,1391,3,15
135,135,2012-07-05 00:00:00,1391-4-15,2607.0169255783685,0.07,1032.2125459540966,1025.8041725705998,1023.0318229942333,1020.1863631804264,جوین,4740,جوین,1032.2125459540966,1391,4,15
136,136,2012-08-05 00:00:00,1391-5-15,2607.0169255783685,0.07,1032.0671276616417,1025.6637842946525,1022.8923132986363,1020.0478657938326,جوین,4740,جوین,1032.0671276616417,1391,5,15
137,137,2012-09-05 00:00:00,1391-6-15,2607.0169255783685,0.07,1031.970463273055,1025.5759123333924,1022.8037454321664,1019.9586219516572,جوین,4740,جوین,1031.970463273055,1391,6,15
138,138,2012-10-06 00:00:00,1391-7-15,2607.0169255783685,0.07,1031.8897508266632,1025.5047542503767,1022.7319173116866,1019.8861259966529,جوین,4740,جوین,1031.8897508266632,1391,7,15
139,139,2012-11-05 00:00:00,1391-8-15,2607.0169255783685,0.07,1031.813864338612,1025.4429516062935,1022.6713458259984,1019.8269574154417,جوین,4740,جوین,1031.813864338612,1391,8,15
140,140,2012-12-05 00:00:00,1391-9-15,2607.0169255783685,0.07,1031.7876319544114,1025.4284288670553,1022.6583555000695,1019.8155784220737,جوین,4740,جوین,1031.7876319544114,1391,9,15
141,141,2013-01-04 00:00:00,1391-10-15,2607.0169255783685,0.07,1031.7252683717122,1025.420293441149,1022.6565888368369,1019.8206182417025,جوین,4740,جوین,1031.7252683717122,1391,10,15
142,142,2013-02-03 00:00:00,1391-11-15,2607.0169255783685,0.07,1031.6768352162758,1025.4080283952778,1022.6489315483926,1019.8178126469854,جوین,4740,جوین,1031.6768352162758,1391,11,15
143,143,2013-03-05 00:00:00,1391-12-15,2607.0169255783685,0.07,1031.6099763463637,1025.3621764208578,1022.6047263094574,1019.7752508591822,جوین,4740,جوین,1031.6099763463637,1391,12,15
144,144,2013-04-04 00:00:00,1392-1-15,2607.0169255783685,0.07,1031.5589122851818,1025.3015718824352,1022.5408649293394,1019.7078042801156,جوین,4740,جوین,1031.5589122851818,1392,1,15
145,145,2013-05-05 00:00:00,1392-2-15,2607.0169255783685,0.07,1031.4447321763635,1025.1946252555147,1022.4330257017966,1019.5989449395062,جوین,4740,جوین,1031.4447321763635,1392,2,15
146,146,2013-06-05 00:00:00,1392-3-15,2607.0169255783685,0.07,1031.340155123891,1025.0922980415307,1022.328586505614,1019.492324868669,جوین,4740,جوین,1031.340155123891,1392,3,15
147,147,2013-07-06 00:00:00,1392-4-15,2607.0169255783685,0.07,1031.2281043211317,1024.9825141876645,1022.2175840002805,1019.3800655968026,جوین,4740,جوین,1031.2281043211317,1392,4,15
148,148,2013-08-06 00:00:00,1392-5-15,2607.0169255783685,0.07,1031.1232935745184,1024.880879529668,1022.1144526667521,1019.2754141767655,جوین,4740,جوین,1031.1232935745184,1392,5,15
149,149,2013-09-06 00:00:00,1392-6-15,2607.0169255783685,0.07,1031.023219998721,1024.783282708021,1022.0158833199723,1019.1758340699372,جوین,4740,جوین,1031.023219998721,1392,6,15
150,150,2013-10-07 00:00:00,1392-7-15,2607.0169255783685,0.07,1030.9553703484798,1024.7211568439952,1021.9530431019161,1019.1122450000165,جوین,4740,جوین,1030.9553703484798,1392,7,15
151,151,2013-11-06 00:00:00,1392-8-15,2607.0169255783685,0.07,1030.9014566167461,1024.6728416495591,1021.9048704188618,1019.0642576186036,جوین,4740,جوین,1030.9014566167461,1392,8,15
152,152,2013-12-06 00:00:00,1392-9-15,2607.0169255783685,0.07,1030.845652700485,1024.6256848448256,1021.8588130802358,1019.0194221259492,جوین,4740,جوین,1030.845652700485,1392,9,15
153,153,2014-01-05 00:00:00,1392-10-15,2607.0169255783685,0.07,1030.8236767642052,1024.6207279360856,1021.8578907852841,1019.0227953255821,جوین,4740,جوین,1030.8236767642052,1392,10,15
154,154,2014-02-04 00:00:00,1392-11-15,2607.0169255783685,0.07,1030.8528508212269,1024.6570016333912,1021.8976082273392,1019.0661068749479,جوین,4740,جوین,1030.8528508212269,1392,11,15
155,155,2014-03-06 00:00:00,1392-12-15,2607.0169255783685,0.07,1030.8226079374808,1024.6262965097994,1021.8675155196299,1019.0365415412548,جوین,4740,جوین,1030.8226079374808,1392,12,15
156,156,2014-04-04 00:00:00,1393-1-15,2607.0169255783685,0.07,1030.7311177760278,1024.52949772455,1021.7671499826012,1018.9324133603068,جوین,4740,جوین,1030.7311177760278,1393,1,15
157,157,2014-05-05 00:00:00,1393-2-15,2607.0169255783685,0.07,1030.6573206754497,1024.4563623522672,1021.6905972643491,1018.8522400270566,جوین,4740,جوین,1030.6573206754497,1393,2,15
158,158,2014-06-05 00:00:00,1393-3-15,2607.0169255783685,0.07,1030.5599597405756,1024.3485338513765,1021.5820054255819,1018.7429391951309,جوین,4740,جوین,1030.5599597405756,1393,3,15
159,159,2014-07-06 00:00:00,1393-4-15,2607.0169255783685,0.07,1030.4702357722797,1024.2576327275096,1021.4904432039829,1018.650696626255,جوین,4740,جوین,1030.4702357722797,1393,4,15
160,160,2014-08-06 00:00:00,1393-5-15,2607.0169255783685,0.07,1030.377201912438,1024.1623119969825,1021.3943356699756,1018.5537808291799,جوین,4740,جوین,1030.377201912438,1393,5,15
161,161,2014-09-06 00:00:00,1393-6-15,2607.0169255783685,0.07,1030.2840389898993,1024.069694909689,1021.3010638083296,1018.4598508057663,جوین,4740,جوین,1030.2840389898993,1393,6,15
162,162,2014-10-07 00:00:00,1393-7-15,2607.0169255783685,0.07,1030.2017760276913,1023.9887439195886,1021.2199573128084,1018.3786335645048,جوین,4740,جوین,1030.2017760276913,1393,7,15
163,163,2014-11-06 00:00:00,1393-8-15,2607.0169255783685,0.07,1030.1468462373782,1023.9371360535675,1021.1688493733113,1018.3280972076673,جوین,4740,جوین,1030.1468462373782,1393,8,15
164,164,2014-12-06 00:00:00,1393-9-15,2607.0169255783685,0.07,1030.098297499859,1023.8914916045096,1021.1227681679665,1018.2815812278167,جوین,4740,جوین,1030.098297499859,1393,9,15
165,165,2015-01-05 00:00:00,1393-10-15,2607.0169255783685,0.07,1030.0708150965895,1023.8713137337221,1021.1028050993173,1018.2620307802358,جوین,4740,جوین,1030.0708150965895,1393,10,15
166,166,2015-02-04 00:00:00,1393-11-15,2607.0169255783685,0.07,1030.0837436578145,1023.8878828236923,1021.1222489837853,1018.2844981886144,جوین,4740,جوین,1030.0837436578145,1393,11,15
167,167,2015-03-06 00:00:00,1393-12-15,2607.0169255783685,0.07,1030.0844389425906,1023.8893831082388,1021.1253520621133,1018.2892282572899,جوین,4740,جوین,1030.0844389425906,1393,12,15
168,168,2015-04-04 00:00:00,1394-1-15,2607.0169255783685,0.07,1030.0254894165087,1023.828369230369,1021.0612900762115,1018.221854728197,جوین,4740,جوین,1030.0254894165087,1394,1,15
169,169,2015-05-05 00:00:00,1394-2-15,2607.0169255783685,0.07,1029.9522382768607,1023.7520024149687,1020.9826590570028,1018.1408013979493,جوین,4740,جوین,1029.9522382768607,1394,2,15
170,170,2015-06-05 00:00:00,1394-3-15,2607.0169255783685,0.07,1029.8770680783862,1023.6750613179273,1020.9034450369049,1018.0592016622803,جوین,4740,جوین,1029.8770680783862,1394,3,15
171,171,2015-07-06 00:00:00,1394-4-15,2607.0169255783685,0.07,1029.7828704916076,1023.5844310231313,1020.8123634589525,1017.9676157029412,جوین,4740,جوین,1029.7828704916076,1394,4,15
172,172,2015-08-06 00:00:00,1394-5-15,2607.0169255783685,0.07,1029.702518973832,1023.5088048945305,1020.7359743176953,1017.8904807585681,جوین,4740,جوین,1029.702518973832,1394,5,15
173,173,2015-09-06 00:00:00,1394-6-15,2607.0169255783685,0.07,1029.6116889499492,1023.4171197357407,1020.6452441134837,1017.8008241258954,جوین,4740,جوین,1029.6116889499492,1394,6,15
174,174,2015-10-07 00:00:00,1394-7-15,2607.0169255783685,0.07,1029.540397223055,1023.3513309203809,1020.5797439898136,1017.7356771105584,جوین,4740,جوین,1029.540397223055,1394,7,15
175,175,2015-11-06 00:00:00,1394-8-15,2607.0169255783685,0.07,1029.4723989298109,1023.2824567781628,1020.5088453987223,1017.6625549291597,جوین,4740,جوین,1029.4723989298109,1394,8,15
176,176,2015-12-06 00:00:00,1394-9-15,2607.0169255783685,0.07,1029.465558544792,1023.2839448502085,1020.5140534312663,1017.6718731570394,جوین,4740,جوین,1029.465558544792,1394,9,15
177,177,2016-01-05 00:00:00,1394-10-15,2607.0169255783685,0.07,1029.5499689609426,1023.3641852092159,1020.5950688468494,1017.7537807150745,جوین,4740,جوین,1029.5499689609426,1394,10,15
178,178,2016-02-04 00:00:00,1394-11-15,2607.0169255783685,0.07,1029.5754038106031,1023.3898674086228,1020.6259861805039,1017.7901583549369,جوین,4740,جوین,1029.5754038106031,1394,11,15
179,179,2016-03-05 00:00:00,1394-12-15,2607.0169255783685,0.07,1029.4879266069224,1023.3141145496514,1020.5484779068012,1017.7107270799257,جوین,4740,جوین,1029.4879266069224,1394,12,15
180,180,2016-04-03 00:00:00,1395-1-15,2607.0169255783685,0.07,1029.4601807823738,1023.2754538042077,1020.5071178352011,1017.6662797415092,جوین,4740,جوین,1029.4601807823738,1395,1,15
181,181,2016-05-04 00:00:00,1395-2-15,2607.0169255783685,0.07,1029.3829628122728,1023.2006153506146,1020.4308800302438,1017.5885864976532,جوین,4740,جوین,1029.3829628122728,1395,2,15
182,182,2016-06-04 00:00:00,1395-3-15,2607.0169255783685,0.07,1029.3061180550146,1023.1261631095468,1020.3553169134176,1017.5118833831574,جوین,4740,جوین,1029.3061180550146,1395,3,15
183,183,2016-07-05 00:00:00,1395-4-15,2607.0169255783685,0.07,1029.219714410206,1023.041735215992,1020.2705323035898,1017.4267586197103,جوین,4740,جوین,1029.219714410206,1395,4,15
184,184,2016-08-05 00:00:00,1395-5-15,2607.0169255783685,0.07,1029.1348591364442,1022.960963658732,1020.1897975135821,1017.3461463189108,جوین,4740,جوین,1029.1348591364442,1395,5,15
185,185,2016-09-05 00:00:00,1395-6-15,2607.0169255783685,0.07,1029.0580115803505,1022.8869284555346,1020.1146432907886,1017.2698381520705,جوین,4740,جوین,1029.0580115803505,1395,6,15
186,186,2016-10-06 00:00:00,1395-7-15,2607.0169255783685,0.07,1029.002575902169,1022.8351896017288,1020.0619166629425,1017.2160971579852,جوین,4740,جوین,1029.002575902169,1395,7,15
187,187,2016-11-05 00:00:00,1395-8-15,2607.0169255783685,0.07,1028.951291898085,1022.7880222963845,1020.0145291165198,1017.1684708496781,جوین,4740,جوین,1028.951291898085,1395,8,15
188,188,2016-12-05 00:00:00,1395-9-15,2607.0169255783685,0.07,1028.91008315548,1022.7506751563451,1019.9774594914985,1017.131744496666,جوین,4740,جوین,1028.91008315548,1395,9,15
189,189,2017-01-04 00:00:00,1395-10-15,2607.0169255783685,0.07,1028.9252662497727,1022.7710923337477,1020.0029854027507,1017.1627396876404,جوین,4740,جوین,1028.9252662497727,1395,10,15
190,190,2017-02-03 00:00:00,1395-11-15,2607.0169255783685,0.07,1028.9430780223327,1022.7856401571596,1020.0194480898032,1017.1810013230529,جوین,4740,جوین,1028.9430780223327,1395,11,15
191,191,2017-03-05 00:00:00,1395-12-15,2607.0169255783685,0.07,1028.926807405754,1022.7734240057863,1020.0057756218806,1017.1659089296924,جوین,4740,جوین,1028.926807405754,1395,12,15
192,192,2017-04-04 00:00:00,1396-1-15,2607.0169255783685,0.07,1028.9095825531965,1022.7645632527573,1019.9975666566747,1017.1584746786554,جوین,4740,جوین,1028.9095825531965,1396,1,15
